,en,ru,pt-br,es-es,de,fr-fr,it,pl,zh-cn,jp,ko,,NOTES – use \n for newline,max length
fairmod_factorio_1x2-remnants,1x2 remnants,Развалины 1x2,Restos 1x2,Escombros 1x2,Überreste 1×2,Vestiges 1x2,Resti 1x2,Szczątki 1x2,1x2残骸,1x2残骸,1x2 잔해,,
fairmod_factorio_accumulator,Accumulator,Аккумуляторный блок,Acumulador,Acumulador,Akkumulator,Accumulateur,Accumulatore elettrico,Akumulator,蓄电器,蓄電池,축전지,,
fairmod_factorio_acid-splash,Acid splash,Лужа кислоты,Respingo Ácido,Salpicadura ácida,Säurepfütze,Jet d'acide,Spruzzata d'acido,Rozprysk kwasu,酸液,酸の飛沫,산성 점액,,
fairmod_factorio_active-provider-chest,Active provider chest,Сундук активного снабжения,Baú provedor ativo,Cofre proveedor activo,Aktive Anbieterkiste,Coffre logistique d'approvisionnement actif,Cassa fornitrice attiva,Aktywna skrzynia zaopatrzeniowa,主动供货箱（紫箱）,アクティブ供給チェスト,능동형 공급 상자,,
fairmod_factorio_arithmetic-combinator,Arithmetic combinator,Арифметический комбинатор,Combinador de aritmética,Combinador aritmético,Kombinator für Berechnungen,Calculateur,Combinatore aritmetico,Sterownik arytmetyczny,算术运算器,算術回路,산술 연산 조합기,,
fairmod_factorio_artillery-turret,Artillery turret,Артиллерийское орудие,Torre de artilharia,Torreta de artillería,Artillerie-Geschützturm,Tourelle d'artillerie,Torretta d'artiglieria,Wieżyczka artyleryjska,重炮炮塔,長距離砲タレット,대포 포탑,,
fairmod_factorio_artillery-wagon,Artillery wagon,Артиллерийский вагон,Vagão de artilharia,Vagón de artillería,Artilleriewaggon,Wagon d’artillerie,Vagone d'artiglieria,Wagon artyleryjski,重炮车厢,長距離砲車両,대포 화물차,,
fairmod_factorio_assembling-machine-1,Assembling machine 1,Сборочный автомат 1,Máquina de montagem 1,Máquina de ensamblaje 1,Montagemaschine 1,Machine d'assemblage,Macchina assemblatrice 1,Automat montażowy 1,组装机1型,組立機1,조립 기계 1,,
fairmod_factorio_assembling-machine-2,Assembling machine 2,Сборочный автомат 2,Máquina de montagem 2,Máquina de ensamblaje 2,Montagemaschine 2,Machine d'assemblage rapide,Macchina assemblatrice 2,Automat montażowy 2,组装机2型,組立機2,조립 기계 2,,
fairmod_factorio_assembling-machine-3,Assembling machine 3,Сборочный автомат 3,Máquina de montagem 3,Máquina de ensamblaje 3,Montagemaschine 3,Machine d'assemblage très rapide,Macchina assemblatrice 3,Automat montażowy 3,组装机3型,組立機3,조립 기계 3,,
fairmod_factorio_beacon,Beacon,Маяк,Transmissor,Faro,Effektverteiler,Diffuseur de modules,Faro,Radionadajnik,插件效果分享塔,ビーコン,신호기,,
fairmod_factorio_behemoth-biter-corpse,Behemoth biter corpse,Чудовищный кусака,Mordedor gigante,Mordedor mastodonte,Riesiger Beißer,Énorme déchiqueteur,Morditore gigante,Ogromny kąsacz,巨兽型撕咬虫,ベヒーモスバイター,베헤모스 바이터,,
fairmod_factorio_behemoth-biter,Behemoth biter,Труп чудовищного кусаки,Cadáver de mordedor gigante,Cadáver de mordedor mastodonte,Toter riesiger Beißer,Cadavre de déchiqueteur énorme,Cadavere di Morditore gigante,Zwłoki ogromnego kąsacza,巨兽型撕咬虫尸体,ベヒーモスバイターの死骸,베헤모스 바이터 시체,,
fairmod_factorio_behemoth-spitter-corpse,Behemoth spitter corpse,Чудовищный плевака,Cuspidor Gigante,Escupidor mastodonte,Riesiger Speier,Énorme cracheur,Sputatore gigante,Ogromny plujec,巨兽型喷吐虫,ベヒーモススピッター,베헤모스 스피터,,
fairmod_factorio_behemoth-spitter,Behemoth spitter,Труп чудовищного плеваки,Cadáver de Cuspidor Gigante,Cadáver de escupidor mastodonte,Toter riesiger Speier,Cadavre d'énorme cracheur,Cadavere di Sputatore gigante,Zwłoki ogromnego plujca,巨兽型喷吐虫尸体,ベヒーモススピッターの死骸,베헤모스 스피터 시체,,
fairmod_factorio_behemoth-worm-corpse-burrowed,Behemoth worm corpse burrowed,Труп чудовищного червя,Cadáver de verme gigante,Cadáver de gusano mastodonte,Toter riesiger Wurm,Cadavre de ver géant,Cadavere di worm Behemoth,Zwłoki ogromnego czerwia,巨兽型沙虫尸体,ベヒーモスワームの死骸,베헤모스 땅벌레 시체,,
fairmod_factorio_behemoth-worm-corpse,Behemoth worm corpse,Закопавшийся труп чудовищного червя,Cadáver de verme gigante enterrado,Cadáver enterrado de gusano mastodonte,Toter eingegrabener riesiger Wurm,Cadavre d'énorme ver enfoui,Cadavere di verme gigante sepolto,Zakopane zwłoki behemota,被埋的巨兽型沙虫尸体,地中に潜ったベヒーモスワームの死骸,잠복한 베헤모스 땅벌레 시체,,
fairmod_factorio_behemoth-worm-turret,Behemoth worm,Чудовищный червь,Verme Gigante,Gusano mastodonte,Riesiger Wurm,Ver géant,Worm Behemoth,Ogromny czerw,巨兽型沙虫,ベヒーモスワーム,베헤모스 땅벌레,,
fairmod_factorio_big-artillery-explosion,Big artillery explosion,Большой артиллерийский взрыв,Grande explosão de artilharia,Explosión grande de artillería,Große Explosion durch Artilleriegranate,Grande explosion d'artillerie,Grande esplosione d'Artiglieria,Wybuch artyleryjski,大型重炮爆炸,大きな長距離砲の爆発,큰 대포 폭발,,
fairmod_factorio_big-biter-corpse,Big biter corpse,Большой кусака,Mordedor grande,Mordedor grande,Großer Beißer,Gros déchiqueteur,Morditore grande,Duży kąsacz,大型撕咬虫,大型バイター,대형 바이터,,
fairmod_factorio_big-biter,Big biter,Труп большого кусаки,Cadáver de mordedor grande,Cadáver de mordedor grande,Toter großer Beißer,Cadavre de gros déchiqueteur,Cadavere di Morditore grande,Zwłoki dużego kąsacza,大型撕咬虫尸体,大型バイターの死骸,대형 바이터 시체,,
fairmod_factorio_big-electric-pole,Big electric pole,Большая опора ЛЭП,Poste grande,Poste eléctrico grande,Großer Strommast,Grand poteau électrique,Palo grande dell'elettricitá,Duży słup elektryczny,远程输电塔,大型電柱,대형 전신주,,
fairmod_factorio_big-explosion,Big explosion,Большой взрыв,Grande explosão,Gran explosión,Große Explosion,Grande explosion,Grande esplosione,Duży wybuch,大型爆炸,大爆発,큰 폭파,,
fairmod_factorio_big-remnants,Big remnants,Большие обломки,Restos grandes,Restos grandes,Große Überreste,Grands vestiges,Grandi detriti,Duże szczątki,大型残骸,大きな残骸,대형 잔해,,
fairmod_factorio_big-rock,Big rock,Большой камень,Rocha grande,Roca grande,Großer Felsen,Gros rocher,Roccia grande,Duża skała,大型岩石,大きな岩,큰 바위,,
fairmod_factorio_big-sand-rock,Big sand rock,Большой песчаный камень,Pedra de arenito grande,Roca de arenisca grande,Großer Sandfelsen,Gros rocher sableux,Roccia di sabbia grande,Duży piaskowiec,大型沙岩,大きな砂岩,큰 모래 바위,,
fairmod_factorio_big-scorchmark-tintable,Big tinted scorchmark,Большой кратер,Marca de explosão grande,Zona quemada grande,Große Brandspur,Grande marque de brûlure,Grande bruciatura,Duży ślad spalenizny,大型焦痕,大規模の焦げ跡,큰 폭발 흔적,,
fairmod_factorio_big-scorchmark,Big scorchmark,Большая окрашенная подпалина,Marca colorida de explosão grande,Zona quemada coloreada (grande),Große gefärbte Brandspur,Grande marque de brûlure,Grande bruciatura colorata,Duży jasny krater,大型着色焦痕,大規模の煤汚れた焦げ跡,커다란 그슬린 폭발 흔적,,
fairmod_factorio_big-spitter-corpse,Big spitter corpse,Большой плевака,Cuspidor grande,Escupidor grande,Großer Speier,Gros cracheur,Sputatore grande,Duży plujec,大型喷吐虫,大型スピッター,대형 스피터,,
fairmod_factorio_big-spitter,Big spitter,Труп большого плеваки,Cadáver de cuspidor grande,Cadáver de escupidor grande,Toter großer Speier,Cadavre de gros cracheur,Cadavere di Sputatore grande,Zwłoki dużego plujca,大型喷吐虫尸体,大型スピッターの死骸,대형 스피터 시체,,
fairmod_factorio_big-worm-corpse-burrowed,Big worm corpse burrowed,Труп большого червя,Cadáver de verme grande,Cadáver de gusano grande,Toter großer Wurm,Cadavre de gros ver,Cadavere di Verme grande,Zwłoki dużego czerwia,大型沙虫尸体,大型ワームの死骸,대형 땅벌레 시체,,
fairmod_factorio_big-worm-corpse,Big worm corpse,Закопавшийся труп большого червя,Cadáver de verme grande enterrado,Cadáver enterrado de gusano grande,Toter eingegrabener großer Wurm,Cadavre de grand ver enfoui,Cadavere di verme grande sepolto,Zakopane zwłoki dużego czerwa,被埋的大型沙虫尸体,地中に潜った大型ワームの死骸,잠복한 대형 땅벌레 시체,,
fairmod_factorio_big-worm-turret,Big worm,Большой червь,Verme grande,Gusano grande,Großer Wurm,Gros ver,Verme grande,Duży czerw,大型沙虫,大型ワーム,대형 땅벌레,,
fairmod_factorio_biter-spawner-corpse,Biter spawner corpse,Улей кусак,Ninho de Mordedores,Nido de mordedores,Beißernest,Nid de déchiqueteurs,Generatore di Morditori,Legowisko kąsaczy,撕咬虫巢,バイターの巣,바이터 산란장,,
fairmod_factorio_biter-spawner,Biter spawner,Остатки улья кусак,Restos de ninho de mordedores,Restos de nido de mordedores,Totes Beißernest,Cadavre de nid de déchiqueteurs,Resti del generatore di Morditori,Pozostałości legowiska kąsaczy,撕咬虫巢尸体,バイターの巣の残骸,바이터 산란장 시체,,
fairmod_factorio_blood-explosion-big,Blood explosion big,Взрыв крови большой,Grande explosão de sangue,Explosión grande de sangre,Große Blut-Explosion,Grande explosion de sang,Grande esplosione di sangue,Duży rozprysk krwi,大型血液爆炸,大きな血の爆発,큰 혈액 폭발,,
fairmod_factorio_blood-explosion-huge,Blood explosion huge,Взрыв крови огромный,Enorme explosão de sangue,Explosión enorme de sangre,Riesige Blut-Explosion,Énorme explosion de sang,Enorme esplosione di sangue,Wielki rozprysk krwi,巨型血液爆炸,巨大な血の爆発,거대한 혈액 폭발,,
fairmod_factorio_blood-explosion-small,Blood explosion small,Взрыв крови малый,Pequena explosão de sangue,Explosión pequeña de sangre,Kleine Blut-Explosion,Petite projection de sang,Piccola esplosione di sangue,Mały rozprysk krwi,小型血液爆炸,小さな血の爆発,작은 혈액 폭발,,
fairmod_factorio_blood-fountain-big,Blood fountain big,Фонтан крови,Fonte de sangue,Fuente de sangre,Blut-Fontäne,Fontaine de sang,Fontana di sangue,Fontanna krwi,血泉,血だまり,혈액 분출,,
fairmod_factorio_blood-fountain-hit-spray,Blood fountain hit spray,Большой фонтан крови,Grande fonte de sangue,Gran fuente de sangre,Große Blut-Fontäne,Grande fontaine de sang,Grande fontana di sangue,Duża fontanna krwi,大型血泉,大きな血だまり,큰 혈액 분출,,
fairmod_factorio_blood-fountain,Blood fountain,Фонтан крови от ранения,Spray de impacto da fonte de sangue,Salpicadura de sangre,Blutspritzer durch Treffer,Jet d'une fontaine de sang,Spruzzo di sangue a fontana,Rozprysk krwi,血泉喷溅,血しぶき,피해 시 혈액분출,,
fairmod_factorio_blue-chest,Blue chest,Синий сундук,Baú azul,Cofre Azul,Blaue Kiste,Coffre bleu,Cassa blu,Niebieska skrzynia,蓝箱,青チェスト,파란색 상자,,
fairmod_factorio_boiler,Boiler,Бойлер,Caldeira,Caldera,Heizkessel,Chaudière,Caldaia,Kocioł parowy,锅炉,ボイラー,보일러,,
fairmod_factorio_buffer-chest,Buffer chest,Буферный сундук,Baú buffer,Cofre de reserva,Pufferkiste,Coffre logistique tampon,Cassa buffer,Skrzynia buforowa,主动存货箱（绿箱）,バッファーチェスト,완충 상자,,
fairmod_factorio_bulk-inserter,Bulk inserter,Массовый манипулятор,Insersor de alto desempenho,Insertador de lotes,Massengreifarm,Bras robotisé haute capacité,Inseritore multiplo,Podajnik masowy,集装机械臂,バルクインサーター,대용량 투입기,,
fairmod_factorio_burner-generator,Burner generator,Твердотопливный генератор,Gerador a combustão,Generador a combustión,Befeuerter Generator,Générateur thermique,Generatore a combustione,Generator spalinowy,热能发电机,燃料式発電機,화력 발전기,,
fairmod_factorio_burner-inserter,Burner inserter,Твердотопливный манипулятор,Inseridor a combustão,Insertador a vapor,Befeuerter Greifarm,Bras robotisé thermique,Inseritore a combustibile,Podajnik spalinowy,热能机械臂,燃料式インサーター,화력 투입기,,
fairmod_factorio_burner-mining-drill,Burner mining drill,Твердотопливный бур,Mineradora a combustão,Perforadora a vapor,Befeuerter Erzförderer,Foreuse thermique,Trivella a combustibile,Spalinowa wiertnica górnicza,热能采矿机,燃料式掘削機,화력 채광 드릴,,
fairmod_factorio_car,Car,Автомобиль,Carro,Coche,Auto,Voiture,Macchina,Samochód,汽车,自動車,자동차,,
fairmod_factorio_cargo-landing-pad-remnants,Cargo landing pad remnants,Грузовая посадочная площадка,Base de pouso orbital,Plataforma de aterrizaje,Frachtlandeplatz,Aire d'atterrissage cargo,Piattaforma d'atterraggio per carichi,Lądowisko towarowe,物流接驳站,カーゴ降着パッド,화물 착륙 패드,,
fairmod_factorio_cargo-landing-pad,Cargo landing pad,Обломки грузовой посадочной площадки,Restos de base de pouso orbital,Restos de la plataforma de aterrizaje,Überreste eines Frachtlandeplatzes,Vestige d'aire d'atterrissage cargo,Detriti del sistema di atterraggio,Szczątki lądowiska towarowego,物流接驳站残骸,カーゴ降着パッドの残骸,화물 착륙 패드 잔해,,
fairmod_factorio_cargo-pod-container,Landed cargo pod,Грузовая капсула,Cápsula de carga,Cápsula de carga,Frachtkapsel,Capsule de transport,Capsula di carico,Kontener towarowy,货舱,カーゴポッド,화물 포드,,
fairmod_factorio_cargo-pod,Cargo pod,Приземлившаяся грузовая капсула,Cápsula de carga em solo,Cápsula de carga posada en el suelo,Gelandete Frachtkapsel,Capsule de transport posée,Capsula di carico atterrata,Przyziemiony lądownik towarowy,着陆货舱,降着したカーゴポッド,착륙한 화물 포드,,
fairmod_factorio_cargo-wagon,Cargo wagon,Грузовой вагон,Vagão de carga,Vagón de carga,Güterwaggon,Wagon de marchandises,Vagone merci,Wagon towarowy,货运车厢,貨物車両,화물차,,
fairmod_factorio_centrifuge,Centrifuge,Центрифуга,Centrífuga,Centrifugadora,Zentrifuge,Centrifugeuse,Centrifuga,Wirówka,离心机,遠心分離機,원심 분리기,,
fairmod_factorio_character-corpse,Character corpse,Персонаж,Personagem,Personaje,Spielfigur,Personnage,Personaggio,Postać,玩家,キャラクター,캐릭터,,
fairmod_factorio_character,Character,Труп персонажа,Cadáver do personagem,Cadáver del personaje,Leiche einer Spielfigur,Cadavre de joueur,Cadavere di un giocatore,Zwłoki postaci,玩家尸体,プレイヤーの死体,캐릭터 시체,,
fairmod_factorio_chemical-plant,Chemical plant,Химический завод,Usina química,Planta química,Chemiefabrik,Usine de produits chimiques,Impianto chimico,Zakład chemiczny,化工厂,化学プラント,화학 공장,,
fairmod_factorio_cliff,Cliff,Скала,Penhasco,Acantilado,Klippe,Falaise,Dirupo,Urwisko,悬崖,崖,절벽,,
fairmod_factorio_coal,Coal,Уголь,Carvão,Carbón,Kohle,Charbon,Carbone,Węgiel,煤矿,石炭,석탄,,
fairmod_factorio_constant-combinator,Constant combinator,Постоянный комбинатор,Combinador constante,Combinador constante,Kombinator für Konstanten,Émetteur de constante,Combinatore di costanti,Sterownik stałych,常量运算器,定数回路,일정 신호 조합기,,
fairmod_factorio_construction-robot,Construction robot,Строительный дрон,Robô construtor,Robot de construcción,Bauroboter,Robot de construction,Robot costruttore,Robot konstrukcyjny,建设机器人,建設ロボット,건설 로봇,,
fairmod_factorio_copper-ore,Copper ore,Медная руда,Minério de cobre,Mineral de cobre,Kupfererz,Minerai de cuivre,Rame grezzo,Ruda miedzi,铜矿,銅鉱石,구리 광석,,
fairmod_factorio_crash-site-chest-1,Chest capsule,Капсула,Cápsula de baú,Cápsula de almacenamiento,Frachtkapsel,Capsule,Container a capsula,Kontener ze statku,货舱,チェストカプセル,상자 캡슐,,
fairmod_factorio_crash-site-chest-2,Chest capsule,Капсула,Cápsula de baú,Cápsula de almacenamiento,Frachtkapsel,Capsule,Container a capsula,Kontener ze statku,货舱,チェストカプセル,상자 캡슐,,
fairmod_factorio_crash-site-fire-flame,Crash site fire flame,Пламя упавшего корабля,Colisão de fogo no local,Llamarada del lugar del accidente,Flamme an der Absturzstelle,Flammes du site du crash,Fiamma dell'incendio del sito dello schianto,Ogień w miejscu katastrofy,坠机点火焰,墜落地点の炎,추락 지점 불꽃,,
fairmod_factorio_crash-site-spaceship-wreck-big,Spaceship Wreck Big,Космический корабль,Nave Espacial,Nave espacial estrellada,Raumschiff,Vaisseau spatial,Astronave,Wrak statku kosmicznego,飞船,宇宙船,우주선,,
fairmod_factorio_crash-site-spaceship-wreck-medium,Spaceship Wreck Medium,Большие обломки космического корабля,Grandes destroços de Nave Espacial,Escombro grande de nave espacial,Großes Schiffswrack,Gros débris du vaisseau spatial,Enorme relitto di astronave,Duży fragment statku kosmicznego,大型飞船残骸,宇宙船の残骸 (大),대형 우주선 잔해,,
fairmod_factorio_crash-site-spaceship-wreck-small,Spaceship Wreck Small,Средние обломки космического корабля,Destroços médios de Nave Espacial,Escombro mediano de nave espacial,Mittelgroßes Schiffswrack,Débris du vaisseau spatial,Relitto di astronave medio,Średni fragment statku kosmicznego,中型飞船残骸,宇宙船の残骸 (中),중형 우주선 잔해,,
fairmod_factorio_crash-site-spaceship,Spaceship,Малые обломки космического корабля,Pequenos destroços de Nave Espacial,Escombro pequeño de nave espacial,Kleines Schiffswrack,Petit débris du vaisseau spatial,Relitto di astronave piccolo,Mały fragment statku kosmicznego,小型飞船残骸,宇宙船の残骸 (小),소형 우주선 잔해,,
fairmod_factorio_crude-oil,Crude oil,Сырая нефть,Petróleo,Petróleo crudo,Rohöl,Pétrole brut,Greggio,Ropa naftowa,原油,原油,원유,,
fairmod_factorio_curved-rail-a,Curved rail,Изогнутые рельсы,Trilho curvo,Vía curva,Gebogenes Gleis,Rail courbé,Rotaia curva,Zakrzywiony tor,曲线铁轨,曲線レール,곡선 철도,,
fairmod_factorio_curved-rail-b,Curved rail,Изогнутые рельсы,Trilho curvo,Vía curva,Gebogenes Gleis,Rail courbé,Rotaia curva,Zakrzywiony tor,曲线铁轨,曲線レール,곡선 철도,,
fairmod_factorio_dead-dry-hairy-tree,Dead dry hairy tree,Мёртвое сухое раскидистое дерево,Árvore peluda seca morta,Árbol musgoso seco muerto,Toter vertrockneter borstiger Baum,Arbre touffu desséché mort,Albero massiccio secco morto,Martwe suche rozgałęzione drzewo,死枯枝树,枯れ木,말라죽은 무성한 나무,,
fairmod_factorio_dead-grey-trunk,Dead grey trunk,Мёртвый серый ствол,Tronco cinza morto,Tronco gris muerto,Toter grauer Baumstamm,Tronc gris mort,Tronco grigio morto,Szary martwy pień,灰色枯树干,ゴツゴツとした枯れ木,죽은 회색 나무통,,
fairmod_factorio_dead-tree-desert,Dead tree - desert,Мёртвое дерево - пустыня,Árvore morta - deserto,Árbol desértico muerto,Toter Wüstenbaum,Arbre mort - désert,Albero morto - deserto,Martwe drzewo - pustynia,荒漠枯树,枯れ木 - 砂漠,죽은 나무 - 사막,,
fairmod_factorio_decider-combinator,Decider combinator,Сравнивающий комбинатор,Combinador de decisão,Combinador comparador,Kombinator für Vergleiche,Comparateur,Combinatore decisionale,Sterownik decyzyjny,判断运算器,条件回路,수량 비교 조합기,,
fairmod_factorio_deconstructible-tile-proxy,Deconstructible tile proxy,Разрушаемая клетка,Proxy de Célula Desconstruível,Proxy deconstructor de baldosas,Kachel-Abriss-Markierung,Proxy de déconstruction de sol,Entità proxy eliminabile,Znacznik terenu możliwego do rozbiórki,替代地貌,破壊可能タイル代替品,해체 가능한 타일 프록시,,
fairmod_factorio_defender,Defender,Дрон-защитник,Defensor,Defensor,Verteidiger,Robot de défense,Difensore,Robot obronny,防御无人机,ディフェンダー,방어 로봇,,
fairmod_factorio_destroyer,Destroyer,Дрон-разрушитель,Destruidor,Destructor,Zerstörer,Destructeur,Distruttore,Robot niszczący,进攻无人机,デストロイヤー,파괴 로봇,,
fairmod_factorio_display-panel,Display panel,Дисплей,Painel de Exibição,Panel de visualización,Anzeigefeld,Panneaux d'affichage,Pannello di visualizzazione,Wyświetlacz,显示器,ディスプレイパネル,디스플레이 패널,,
fairmod_factorio_distractor,Distractor,Дрон-приманка,Distrator,Distractor,Ablenker,Distracteur,Distrattore,Robot prowokujący,掩护无人机,ディストラクター,견제 로봇,,
fairmod_factorio_dry-hairy-tree,Dry hairy tree,Сухое раскидистое дерево,Árvore peluda seca,Árbol musgoso seco,Vertrockneter borstiger Baum,Arbre touffu desséché,Albero massiccio secco,Suche rozgałęzione drzewo,枯枝树,背の高い枯れ木,마른 우거진 나무,,
fairmod_factorio_dry-tree,Dry tree,Сухое дерево,Árvore seca,Árbol seco,Vertrockneter Baum,Arbre desséché,Albero secco,Uschnięte drzewo,枯树,枯れ木,마른 나무,,
fairmod_factorio_electric-energy-interface,Electric energy interface,Интерфейс электроэнергии,Interface de energia elétrica,Interfaz de energía eléctrica,Schnittstelle für elektrischen Strom,Interface de l’énergie électrique,Interfaccia dell'energia elettrica,Interfejs energetyczny,电力接口,電力インターフェイス,전기 에너지 인터페이스,,
fairmod_factorio_electric-furnace,Electric furnace,Электрическая печь,Fornalha elétrica,Horno eléctrico,Lichtbogenofen,Four électrique,Fornace elettrica,Piec elektryczny,电炉,電気炉,전기 용광로,,
fairmod_factorio_electric-mining-drill,Electric mining drill,Электрический бур,Mineradora elétrica,Perforadora eléctrica,Elektrischer Erzförderer,Foreuse électrique,Trivella elettrica,Elektryczna wiertnica górnicza,电力采矿机,電動掘削機,전기 채광 드릴,,
fairmod_factorio_enemy-damaged-explosion,Enemy damaged explosion,Эффект повреждения врага,Explosão inimiga danificada,Explosión al dañar a un enemigo,Beschädigende Explosion an einem Feind,Explosion causant des dégâts à un ennemi,Nemico danneggiato da un'esplosione,Eksplozja niszcząca wroga,敌方受损爆炸,ダメージを受けた敵の爆発,손상된 적 폭발,,
fairmod_factorio_entity-ghost,Entity ghost,План объекта,Entidade fantasma,Fantasma de entidad,Objekt-Geist,Fantôme d'une entité,Entità fantasma,Projekcja obiektu,实体虚影,エンティティゴースト,고스트 상태의 개체,,
fairmod_factorio_explosion-hit,Explosion hit,Взрыв,Explosão,Explosión,Explosion,Explosion,Esplosione,Wybuch,爆炸,爆発,폭발,,
fairmod_factorio_explosion,Explosion,Удар от взрыва,Dano de explosão,Golpe explosivo,Explosionstreffer,Impact de l'explosion,Esplosione del colpo,Postrzał,爆炸冲击,爆発跡,폭파 명중,,
fairmod_factorio_express-loader,Express loader,Экспресс-погрузчик,Carregador expresso,Cargador exprés,Express-Belader,Chargeur express,Caricatore ultraveloce,Ekspresowa ładowarka,极速装卸机,超高速ローダー,고속 적재기,,
fairmod_factorio_express-splitter,Express splitter,Экспресс-разделитель,Separador expresso,Divisor exprés,Express-Teilerfließband,Répartiteur express,Ripartitore ultraveloce,Ekspresowy rozdzielacz,极速分流器,超高速分配器,고속 분배기,,
fairmod_factorio_express-transport-belt,Express transport belt,Экспресс-конвейер,Esteira expressa,Cinta transportadora exprés,Express-Fließband,Convoyeur express,Rullo di trasporto ultraveloce,Ekspresowy taśmociąg,极速传送带,超高速搬送ベルト,고속 운송 벨트,,
fairmod_factorio_express-underground-belt,Express underground belt,Подземный экспресс-конвейер,Esteira subterrânea expressa,Cinta transportadora subterránea exprés,Unterirdisches Express-Fließband,Convoyeur souterrain express,Rullo sotterraneo ultraveloce,Ekspresowy podziemny taśmociąg,极速地下传送带,超高速地下搬送ベルト,고속 지하 벨트,,
fairmod_factorio_factorio-logo-11tiles,Factorio logo 11 tiles,Логотип Factorio 11 клеток,Logo do Factorio 11 blocos,Logotipo Factorio 11 casillas,Factorio-Logo (11 Kacheln),Logo Factorio 11 tuiles,Logo di Factorio 11 caselle,Logo Factorio na 11 pól,Factorio徽标11格,Factorioロゴ11タイル,11타일 팩토리오 로고,,
fairmod_factorio_factorio-logo-16tiles,Factorio logo 16 tiles,Логотип Factorio 16 клеток,Logo do Factorio 16 blocos,Logotipo Factorio 16 casillas,Factorio-Logo (16 Kacheln),Logo Factorio 16 tuiles,Logo di Factorio 16 caselle,Logo Factorio na 16 pól,Factorio徽标16格,Factorioロゴ16タイル,16타일 팩토리오 로고,,
fairmod_factorio_factorio-logo-22tiles,Factorio logo 22 tiles,Логотип Factorio 22 клетки,Logo do Factorio 22 blocos,Logotipo Factorio 22 casillas,Factorio-Logo (22 Kacheln),Logo Factorio 22 tuiles,Logo di Factorio 22 caselle,Logo Factorio na 22 pola,Factorio徽标22格,Factorioロゴ22タイル,22타일 팩토리오 로고,,
fairmod_factorio_fast-inserter,Fast inserter,Быстрый манипулятор,Insersor rápido,Insertador rápido,Schneller Greifarm,Bras robotisé rapide,Inseritore veloce,Szybki podajnik,高速机械臂,高速インサーター,빠른 투입기,,
fairmod_factorio_fast-loader,Fast loader,Быстрый погрузчик,Carregador rápido,Cargador rápido,Schneller Belader,Chargeur rapide,Caricatore veloce,Szybka ładowarka,高速装卸机,高速ローダー,빠른 적재기,,
fairmod_factorio_fast-splitter,Fast splitter,Быстрый разделитель,Separador rápido,Divisor rápido,Schnelles Teilerfließband,Répartiteur rapide,Ripartitore veloce,Szybki rozdzielacz,高速分流器,高速分配器,빠른 분배기,,
fairmod_factorio_fast-transport-belt,Fast transport belt,Быстрый конвейер,Esteira rápida,Cinta transportadora rápida,Schnelles Fließband,Convoyeur rapide,Rullo di trasporto veloce,Szybki taśmociąg,高速传送带,高速搬送ベルト,빠른 운송 벨트,,
fairmod_factorio_fast-underground-belt,Fast underground belt,Быстрый подземный конвейер,Esteira subterrânea rápida,Cinta transportadora subterránea rápida,Schnelles unterirdisches Fließband,Convoyeur souterrain rapide,Rullo sotterraneo veloce,Szybki podziemny taśmociąg,高速地下传送带,高速地下搬送ベルト,빠른 지하 벨트,,
fairmod_factorio_fire-flame,Fire,Огонь,Fogo,Fuego,Feuer,Feu,Fiamma,Płomienie,火焰,火,화염,,
fairmod_factorio_fish,Fish,Рыба,Peixe,Pez,Fisch,Poisson,Pesce,Ryba,鱼,魚,물고기,,
fairmod_factorio_flamethrower-turret,Flamethrower turret,Огнемётная турель,Torre lança-chamas,Torreta Lanzallamas,Flammenwerfer-Geschützturm,Tourelle lance-flammes,Torretta lanciafiamme,Działo ogniowe,火焰炮塔,火炎放射タレット,화염 방사 포탑,,
fairmod_factorio_fluid-wagon,Fluid wagon,Вагон-цистерна,Vagão de fluido,Vagón cisterna,Tankwaggon,Wagon-citerne,Vagone cisterna,Cysterna kolejowa,液罐车厢,タンク貨車,유체 화물차,,
fairmod_factorio_flying-robot-damaged-explosion,Flying robot damaged explosion,Эффект повреждения летящего дрона,Explosão de robôs voadores danificada,Explosión al dañar un robot volador,Beschädigende Explosion an einem fliegenden Roboter,Explosion d'un robot volant endommagé,Drone volante danneggiato da un'esplosione,Eksplozja niszcząca latającego robota,飞行机器人受损爆炸,飛行ロボットが損傷し爆発しました,비행로봇 피해 효과,,
fairmod_factorio_gate,Gate,Ворота,Portão,Puerta,Tor,Porte,Cancello,Brama,闸门,ゲート,출입구,,
fairmod_factorio_green-coral,Green coral,Зелёный коралл,Coral verde,Coral verde,Grüne Koralle,Corail vert,Corallo verde,Zielony suchorost,绿色珊瑚,緑の珊瑚,녹색 산호,,
fairmod_factorio_grenade-explosion,Grenade explosion,Взрыв гранаты,Explosão de granadas,Explosión de granada,Explosion durch Granate,Explosion de grenade,Esplosione di una granata,Wybuch granatu,手雷爆炸,グレネードの爆発,수류탄 폭파,,
fairmod_factorio_ground-explosion,Ground explosion,Взрыв на поверхности,Explosão no solo,Explosión terrestre,Bodenexplosion,Explosion terrestre,Esplosione a terra,Ziemisty wybuch,地面爆炸,地面の爆発,지대 폭파,,
fairmod_factorio_gun-turret,Gun turret,Пулемётная турель,Torre balística,Torreta ametralladora,Geschützturm,Tourelle mitrailleuse,Torretta difensiva,Działko maszynowe,机枪炮塔,ガンタレット,기관 포탑,,
fairmod_factorio_half-diagonal-rail,Half diagonal rail,Полудиагональные рельсы,Meio trilho diagonal,Vía semidiagonal,Halbdiagonales Gleis,Rail en demi-diagonale,Mezza rotaia diagonale,Skośny tor,半对角铁轨,対角線レール,절반 대각선 철도,,
fairmod_factorio_heat-exchanger,Heat exchanger,Теплообменник,Permutador de calor,Intercambiador de calor,Wärmetauscher,Échangeur de chaleur,Scambiatore di calore,Wymiennik ciepła,换热器,熱交換器,열 교환기,,
fairmod_factorio_heat-interface,Heat interface,Тепловой интерфейс,Interface de calor,Interfaz de calor,Schnittstelle für Wärme,Interface thermique,Interfaccia di calore,Interfejs cieplny,热力接口,熱インターフェイス,열 인터페이스,,
fairmod_factorio_heat-pipe,Heat pipe,Тепловая труба,Tubo de calor,Tubería térmica,Wärmerohr,Conduite de chaleur,Condotto termico,Ciepłowód,热管,ヒートパイプ,열 파이프,,
fairmod_factorio_huge-rock,Huge rock,Огромный камень,Rocha enorme,Roca enorme,Riesiger Felsen,Énorme rocher,Roccia enorme,Ogromna skała,巨型岩石,巨大な岩,거대한 바위,,
fairmod_factorio_huge-scorchmark-tintable,Huge tinted scorchmark,Огромный кратер,Marca de explosão enorme,Zona quemada (enorme),Riesige Brandspur,Énorme marque de brûlure,Enorme bruciatura,Ogromny krater,巨型焦痕,巨大な焦げ跡,거대한 폭발 흔적,,
fairmod_factorio_huge-scorchmark,Huge scorchmark,Огромный окрашенный кратер,Marca colorida de explosão enorme,Zona quemada coloreada (enorme),Riesige gefärbte Brandspur,Énorme marque de brûlure teintée,Bruciatura enorme colorata,Ogromny jasny krater,巨型着色焦痕,巨大な煤汚れた焦げ跡,거대한 그슬린 폭발 흔적,,
fairmod_factorio_infinity-chest,Infinity chest,Бесконечный сундук,Baú Infinito,Cofre Infinito,Unendlichkeitskiste,Coffre infini,Cassa infinita,Nieskończona skrzynia,永续箱,無限チェスト,무한 상자,,
fairmod_factorio_infinity-pipe,Infinity pipe,Бесконечная труба,Cano infinito,Tubería infinita,Unendlichkeitsrohr,Tuyau infini,Tubo infinito,Bezdenna rura,永续管,無限パイプ,무한 파이프,,
fairmod_factorio_inserter,Inserter,Манипулятор,Insersor,Insertador,Greifarm,Bras robotisé,Inseritore,Podajnik,电力机械臂,インサーター,투입기,,
fairmod_factorio_iron-chest,Iron chest,Железный сундук,Baú de ferro,Cofre de hierro,Eisenkiste,Coffre en fer,Baule in ferro,Żelazna skrzynia,铁箱,鉄製チェスト,철 상자,,
fairmod_factorio_iron-ore,Iron ore,Железная руда,Minério de ferro,Mineral de hierro,Eisenerz,Minerai de fer,Ferro grezzo,Ruda żelaza,铁矿,鉄鉱石,철 광석,,
fairmod_factorio_item-on-ground,Item on ground,Предмет на земле,Item no chão,Objeto en el suelo,Gegenstand auf dem Boden,Objet au sol,Oggetto a terra,Przedmiot na ziemi,落地物品,落ちているアイテム,땅 위의 아이템,,
fairmod_factorio_item-request-proxy,Item request slot,Ячейка запроса предмета,Espaço de requisição de objeto,Solicitud de elementos en curso,Platz für angefragte Gegenstände,Emplacement de demande d'élément,Slot di richiesta per gli oggetti,Pole zamawiania przedmiotów,需求物品,アイテム要求スロット,아이템 요청 슬롯,,
fairmod_factorio_lab,Lab,Лаборатория,Laboratório,Laboratorio,Labor,Laboratoire,Laboratorio,Laboratorium,研究中心,研究所,연구소,,
fairmod_factorio_land-mine,Land mine,Мина,Mina terrestre,Mina terrestre,Landmine,Mine,Mina antiuomo,Mina,地雷,地雷,지뢰,,
fairmod_factorio_lane-splitter,Lane splitter,Разделитель полосы,Separador de lado,Divisor de carril,Fließbandseiten-Teiler,Répartiteur de ligne,Ripartitore,Rozdzielacz liniowy,单带分流器,レーン分配器,레인 분배기,,
fairmod_factorio_laser-bubble,Laser bubble,Лазерный пузырь,Bolha laser,Burbuja láser,Laserblase,Bulle laser,Bolla laser,Bańka laserowa,激光气泡,レーザーバブル,레이저 거품,,
fairmod_factorio_laser-turret,Laser turret,Лазерная турель,Torre laser,Torreta láser,Laser-Geschützturm,Tourelle laser,Torretta laser,Działko laserowe,激光炮塔,レーザータレット,레이저 포탑,,
fairmod_factorio_legacy-curved-rail,Legacy curved rail,Старые изогнутые рельсы,Trilho curvo antigo,Antigua vía curva,Gebogenes Gleis (veraltet),Ancien rail courbé,Binario curvo,Zakrzywiony tor starego typu,传统曲轨,曲線レール(旧バージョン),구식 곡선 철도,,
fairmod_factorio_legacy-straight-rail,Legacy straight rail,Старые прямые рельсы,Trilho reto antigo,Antigua vía recta,Gerades Gleis (veraltet),Rail droit historique,Binario dritto,Prosty tor starego typu,传统直轨,直線レール(旧バージョン),구식 직선 철도,,
fairmod_factorio_linked-belt,Linked belt,Связанный конвейер,Esteira vinculada,Cinta transportadora vinculada,Verbundenes Fließband,Convoyeur lié,Nastro trasportatore collegato,Połączony taśmociąg,关联带,リンクされたベルト,연결된 벨트,,
fairmod_factorio_linked-chest,Linked chest,Связанный сундук,Baú vinculado,Cofre vinculado,Verbundene Kiste,Coffre lié,Cassa collegata,Połączona skrzynia,关联箱,リンクされたチェスト,연결된 상자,,
fairmod_factorio_loader-1x1,Loader 1x1,Погрузчик,Carregador,Cargador,Belader,Chargeur,Caricatore,Ładowarka,装卸机,ローダー,적재기,,
fairmod_factorio_loader,Loader,Погрузчик 1x1,Carregador 1x1,Cargador 1x1,Belader 1×1,Chargeur 1x1,Caricatore 1x1,Ładowarka 1x1,装卸机 1x1,ローダー 1x1,1x1 적재기,,
fairmod_factorio_locomotive,Locomotive,Локомотив,Locomotiva,Locomotora,Lokomotive,Locomotive,Locomotiva,Lokomotywa,内燃机车,機関車,기관차,,
fairmod_factorio_logistic-robot,Logistic robot,Транспортный дрон,Robô logístico,Robot logístico,Logistikroboter,Robot logistique,Robot logistico,Robot logistyczny,物流机器人,物流ロボット,물류 로봇,,
fairmod_factorio_long-handed-inserter,Long-handed inserter,Длинный манипулятор,Insersor de longo-alcance,Insertador largo,Langer Greifarm,Bras robotisé long,Inseritore braccio lungo,Podajnik długoramienny,加长机械臂,ロングアームインサーター,긴 팔 투입기,,
fairmod_factorio_market,Market,Рынок,Mercado,Mercado,Markt,Marché,Mercato,Sklep,市场,マーケット,시장,,
fairmod_factorio_massive-explosion,Massive explosion,Массивный взрыв,Explosão massiva,Explosión masiva,Massive Explosion,Explosion massive,Esplosione enorme,Masywny wybuch,巨型爆炸,巨大な爆発,거대한 폭파,,
fairmod_factorio_medium-biter-corpse,Medium biter corpse,Средний кусака,Mordedor médio,Mordedor mediano,Mittelgroßer Beißer,Déchiqueteur,Morditore medio,Średni kąsacz,中型撕咬虫,中型バイター,중형 바이터,,
fairmod_factorio_medium-biter,Medium biter,Труп среднего кусаки,Cadáver de mordedor médio,Cadáver de mordedor mediano,Toter mittelgroßer Beißer,Cadavre de déchiqueteur,Cadavere di Morditore medio,Zwłoki średniego kąsacza,中型撕咬虫尸体,中型バイターの死骸,중형 바이터 시체,,
fairmod_factorio_medium-electric-pole,Medium electric pole,Средняя опора ЛЭП,Poste médio,Poste eléctrico mediano,Mittelgroßer Strommast,Poteau électrique,Palo medio dell'elettricitá,Średni słup elektryczny,中型电线杆,中型電柱,중형 전신주,,
fairmod_factorio_medium-explosion,Medium explosion,Средний взрыв,Explosão média,Explosión mediana,Mittelgroße Explosion,Explosion moyenne,Esplosione media,Średni wybuch,中型爆炸,中規模の爆発,중형 폭발,,
fairmod_factorio_medium-remnants,Medium remnants,Средние обломки,Restos médios,Escombros medianos,Mittelgroße Überreste,Vestiges,Resti medi,Średnie szczątki,中型残骸,中型の残骸,중형 잔해,,
fairmod_factorio_medium-scorchmark-tintable,Medium tinted scorchmark,Средний кратер,Marca de explosão média,Marca de quemadura mediana,Mittelgroße Brandspur,Trace de brûlure moyenne,Bruciatura di medie dimensioni,Średni krater,中型焦痕,中規模の焦げ跡,중간 크기 폭발 흔적,,
fairmod_factorio_medium-scorchmark,Medium scorchmark,Средняя окрашенная подпалина,Marca colorida de explosão média,Zona quemada coloreada (mediana),Mittelgroße gefärbte Brandspur,Marque de brûlure moyenne,Bruciatura di dimensioni medie colorata,Średni jasny krater,中型着色焦痕,中規模の煤汚れた焦げ跡,중간 크기의 그슬린 흔적,,
fairmod_factorio_medium-small-remnants,Medium small remnants,Небольшие обломки,Pequenos restos médios,Restos pequeños y medianos,Mittelgroße Überreste,Vestiges moyens,Detriti di medio-piccole dimensioni,Niewielkie szczątki,中小型残骸,中程度の小さな残骸,중형 잔해,,
fairmod_factorio_medium-spitter-corpse,Medium spitter corpse,Средний плевака,Cuspidor médio,Escupidor mediano,Mittelgroßer Speier,Cracheur,Sputatore medio,Średni plujec,中型喷吐虫,中型スピッター,중형 스피터,,
fairmod_factorio_medium-spitter,Medium spitter,Труп среднего плеваки,Cadáver de cuspidor médio,Cadáver de escupidor mediano,Toter mittelgroßer Speier,Cadavre de cracheur,Cadavere di Sputatore medio,Zwłoki średniego plujca,中型喷吐虫尸体,中型スピッターの死骸,중형 스피터 시체,,
fairmod_factorio_medium-worm-corpse-burrowed,Medium worm corpse burrowed,Труп среднего червя,Cadáver de verme médio,Cadáver de gusano mediano,Toter mittelgroßer Wurm,Cadavre de ver,Cadavere di Verme medio,Zwłoki średniego czerwia,中型沙虫尸体,中型ワームの死骸,중형 땅벌레 시체,,
fairmod_factorio_medium-worm-corpse,Medium worm corpse,Закопавшийся труп среднего червя,Cadáver de verme médio enterrado,Cadáver enterrado de gusano mediano,Toter eingegrabener mittelgroßer Wurm,Cadavre de ver moyen enfoui,Cadavere di verme medio sepolto,Zakopane zwłoki średniego czerwa,被埋的中型沙虫尸体,地中に潜った中型ワームの死骸,잠복한 중형 땅벌레 시체,,
fairmod_factorio_medium-worm-turret,Medium worm,Средний червь,Verme médio,Gusano mediano,Mittelgroßer Wurm,Ver,Verme medio,Średni czerw,中型沙虫,中型ワーム,중형 땅벌레,,
fairmod_factorio_nuclear-reactor,Nuclear reactor,Ядерный реактор,Reator nuclear,Reactor nuclear de fisión,Kernreaktor,Réacteur nucléaire,Reattore nucleare,Reaktor jądrowy,核反应堆,原子炉,원자로,,
fairmod_factorio_offshore-pump,Offshore pump,Прибрежный насос,Bomba hidráulica,Bomba costera,Pumpwerk,Pompe côtière,Pompa offshore,Pompa przybrzeżna,抽取泵,汲み上げポンプ,해안 펌프,,
fairmod_factorio_oil-refinery,Oil refinery,Нефтеперерабатывающий завод,Refinaria de petróleo,Refinería de petróleo,Ölraffinerie,Raffinerie,Raffineria di petrolio,Rafineria ropy naftowej,炼油厂,原油精製所,정유 공장,,
fairmod_factorio_passive-provider-chest,Passive provider chest,Сундук пассивного снабжения,Baú provedor passivo,Cofre proveedor pasivo,Passive Anbieterkiste,Coffre logistique d'approvisionnement passif,Cassa fornitrice passiva,Pasywna skrzynia zaopatrzeniowa,被动供货箱（红箱）,パッシブ供給チェスト,수동형 공급 상자,,
fairmod_factorio_pipe-to-ground,Pipe to ground,Труба,Cano,Tubería,Rohr,Tuyau,Tubo,Rura,管道,パイプ,파이프,,
fairmod_factorio_pipe,Pipe,Подземная труба,Cano subterrâneo,Tubería subterránea,Unterirdisches Rohr,Tuyau souterrain,Tubo sotterraneo,Podziemny rurociąg,地下管道,地下パイプ,지하 파이프,,
fairmod_factorio_poison-cloud,Poison cloud,Ядовитое облако,Nuvem venenosa,Nube de veneno,Giftwolke,Nuage de poison,Nube di veleno,Chmura trucizny,毒雾,毒の霧,독 구름,,
fairmod_factorio_power-switch,Power switch,Выключатель питания,Interruptor de energia,Interruptor,Stromschalter,Commutateur d’alimentation électrique,Interruttore,Przełącznik zasilania,电闸,電源スイッチ,전원 스위치,,
fairmod_factorio_programmable-speaker,Programmable speaker,Программируемый динамик,Alto-falante programável,Altavoz programable,Programmierbarer Lautsprecher,Haut-parleur programmable,Altoparlante programmabile,Programowalny głośnik,程控扬声器,プログラマブルスピーカー,프로그래밍 가능한 스피커,,
fairmod_factorio_pump,Pump,Помпа,Bomba,Bomba de fluidos,Pumpe,Pompe,Pompa,Pompa,管道泵,ポンプ,펌프,,
fairmod_factorio_pumpjack,Pumpjack,Насосная станция,Bomba de sucção,Bomba extractora,Förderpumpe,Chevalet de pompage,Pompa petrolifera,Kiwon,抽油机,ポンプジャック,시추기,,
fairmod_factorio_radar,Radar,Радар,Radar,Radar,Radar,Radar,Radar,Radar,雷达,レーダー,레이더,,
fairmod_factorio_rail-chain-signal,Rail chain signal,Проходной ж/д светофор,Sinal ferroviário em cadeia,Semáforo ferroviario en cadena,Zug-Kettensignal,Signal ferroviaire chaîné,Semaforo a catena,Semafor poprzedzający,联锁铁路信号,連動式列車用信号,철도 연속 신호,,
fairmod_factorio_rail-ending-remnants,Rail ending remnants,Обломки конца рельс,Restos de final de trilho,Restos de fin de raíl,Überreste eines Gleisendes,Vestiges de fin de ligne ferroviaire,Residui di binario distrutto,Szczątki końca toru kolejowego,铁轨末端残骸,車止めの残骸,철도 끝 잔해,,
fairmod_factorio_rail-signal,Rail signal,Ж/д светофор,Sinal ferroviário,Semáforo ferroviario,Zugsignal,Signal ferroviaire,Semaforo ferroviario,Semafor,常规铁路信号,列車用信号,철도 신호,,
fairmod_factorio_red-chest,Red chest,Красный сундук,Baú vermelho,Cofre Rojo,Rote Kiste,Coffre rouge,Cassa rossa,Czerwona skrzynia,红箱,赤チェスト,빨간색 상자,,
fairmod_factorio_requester-chest,Requester chest,Сундук запроса,Baú solicitador,Cofre solicitador,Anfragekiste,Coffre logistique de demandes,Cassa di richiesta,Skrzynia zamawiająca,优先集货箱（蓝箱）,要求チェスト,요청 상자,,
fairmod_factorio_roboport,Roboport,Дронстанция,Roboport,Robopuerto,Roboterhangar,Roboport,Porto per Droni,Roboport,机器人指令平台,ロボットステーション,로보포트,,
fairmod_factorio_rock-damaged-explosion,Rock damaged explosion,Эффект повреждения камня,Explosão de rocha danificada,Explosión al dañar una roca,Beschädigende Explosion an einem Felsen,Explosion de rocher endommagé,Roccia danneggiata da un'esplosione,Eksplozja niszcząca skały,岩石受损爆炸,ダメージを受けた岩の爆発,손상된 바위 폭발,,
fairmod_factorio_rocket-silo-rocket-shadow,Rocket shadow,Ракета,Foguete,Cohete,Rakete,Missile,Razzo,Rakieta,火箭弹,ロケット弾,로켓,,
fairmod_factorio_rocket-silo,Rocket silo,Ракетная шахта,Silo de foguete,Silo de Cohete,Raketensilo,Silo à fusée,Silo per razzi,Silos rakietowy,火箭发射井,ロケットサイロ,로켓 격납고,,
fairmod_factorio_rocket,Rocket,Тень ракеты,Sombra de foguete,Sombra del cohete,Raketenschatten,Ombre de fusée,Ombra del razzo,Cień rakiety,火箭阴影,ロケットの影,로켓 그림자,,
fairmod_factorio_selector-combinator,Selector combinator,Выбирающий комбинатор,Combinador de ordem,Combinador selector,Kombinator für Auswahl,Sélecteur,Combinatore di selettore,Sterownik sortujący,选择运算器,選別回路,선택 선별 조합기,,
fairmod_factorio_simple-entity-with-force,Simple entity with force,Простой объект с командой,Entidade simples com força,Entidad simple con dueño. Usado en mods. Es objetivo militar.,Einfaches Objekt mit Partei,Entité simple avec une force,Semplice entità con una forza,Prosty obiekt ze stroną konfliktu,阵营的简单实体,勢力を持つ一般エンティティ,세력이 있는 단순한 개체,,
fairmod_factorio_simple-entity-with-owner,Simple entity with owner,Простой объект с владельцем,Entidade simples com dono,Entidad simple con dueño. Usado en mods. NO es objetivo militar.,Einfaches Objekt mit Besitzer,Entité simple avec un propriétaire,Entità semplice con proprietario,Prosty obiekt z właścicielem,个人的简单实体,所有権を持つ一般エンティティ,소유자가 있는 단순한 개체,,
fairmod_factorio_small-biter-corpse,Small biter corpse,Небольшой кусака,Mordedor pequeno,Biter pequeño,Kleiner Beißer,Petit déchiqueteur,Morditore piccolo,Mały kąsacz,小型撕咬虫,小型バイター,소형 바이터,,
fairmod_factorio_small-biter,Small biter,Труп небольшого кусаки,Cadáver de mordedor pequeno,Cadáver de mordedor pequeño,Toter kleiner Beißer,Cadavre de petit déchiqueteur,Cadavere di Morditore piccolo,Zwłoki małego kąsacza,小型撕咬虫尸体,小型バイターの死骸,소형 바이터 시체,,
fairmod_factorio_small-electric-pole,Small electric pole,Деревянная опора ЛЭП,Poste pequeno,Poste eléctrico pequeño,Kleiner Strommast,Petit poteau électrique,Palo piccolo dell’elettricità,Mały słup elektryczny,小型电线杆,小型電柱,소형 전신주,,
fairmod_factorio_small-lamp,Lamp,Фонарь,Lâmpada,Lámpara,Lampe,Lampe,Lampione,Lampa,照明灯,ランプ,조명,,
fairmod_factorio_small-remnants,Small remnants,Малые обломки,Restos pequenos,Escombros pequeños,Kleine Überreste,Petits vestiges,Resti piccoli,Małe szczątki,小型残骸,小さな残骸,소형 잔해,,
fairmod_factorio_small-scorchmark-tintable,Small tinted scorchmark,Малый кратер,Pequena queimadura,Marca de quemadura pequeña,Kleine Brandspur,Petite marque de brûlure,Piccola bruciatura,Mały krater,小型焦痕,小さな焦げ跡,작은 폭발 흔적,,
fairmod_factorio_small-scorchmark,Small scorchmark,Малая окрашенная подпалина,Marca colorida de explosão pequena,Zona quemada coloreada (pequeña),Kleine gefärbte Brandspur,Petite marque de brûlure,Piccola bruciatura colorata,Mały jasny krater,小型着色焦痕,小規模の煤汚れた焦げ跡,작은 그슬린 폭발 흔적,,
fairmod_factorio_small-spitter-corpse,Small spitter corpse,Малый плевака,Cuspidor pequeno,Escupidor pequeño,Kleiner Speier,Petit cracheur,Sputatore piccolo,Mały plujec,小型喷吐虫,小型スピッター,소형 스피터,,
fairmod_factorio_small-spitter,Small spitter,Труп малого плеваки,Cadáver de cuspidor pequeno,Cadáver de escupidor pequeño,Toter kleiner Speier,Cadavre de petit cracheur,Cadavere di Sputatore piccolo,Zwłoki małego plujca,小型喷吐虫尸体,小型スピッターの死骸,소형 스피터 시체,,
fairmod_factorio_small-worm-corpse-burrowed,Small worm corpse burrowed,Труп малого червя,Cadáver de verme pequeno,Cadáver de gusano pequeño,Toter kleiner Wurm,Cadavre de petit ver,Cadavere di Verme piccolo,Zwłoki małego czerwia,小型沙虫尸体,小型ワームの死骸,소형 땅벌레 시체,,
fairmod_factorio_small-worm-corpse,Small worm corpse,Закопавшийся труп малого червя,Cadáver de verme enterrado,Cadáver enterrado de gusano pequeño,Toter eingegrabener kleiner Wurm,Cadavre de petit ver enfoui,Cadavere di verme piccolo sepolto,Zakopane zwłoki małego czerwa,被埋的小型沙虫尸体,地中に潜った小型ワームの死骸,잠복한 소형 땅벌레 시체,,
fairmod_factorio_small-worm-turret,Small worm,Небольшой червь,Verme pequeno,Gusano pequeño,Kleiner Wurm,Petit ver,Verme piccolo,Mały czerw,小型沙虫,小型ワーム,소형 땅벌레,,
fairmod_factorio_solar-panel,Solar panel,Солнечная панель,Painel Solar,Panel solar,Solarpanel,Panneau solaire,Pannello solare,Ogniwo słoneczne,太阳能板,ソーラーパネル,태양 전지판,,
fairmod_factorio_spark-explosion-higher,Spark explosion higher,Искрящийся взрыв,Explosão de faíscas,Explosión de chispa,Funken-Explosion,Projection d'étincelles,Esplosione da scintilla,Rozbłysk iskier,火花爆炸,スパークの爆発,스파크 폭발,,
fairmod_factorio_spark-explosion,Spark explosion,Большой искрящийся взрыв,Explosão de faíscas superior,Explosión mayor de chispa,Hohe Funken-Explosion,Projection d'étincelles plus importante,Scintilla d'esplosione più alta,Wysoki rozbłysk iskier,更大火花爆炸,高いスパークの爆発,더 심한 스파크 폭발,,
fairmod_factorio_spidertron-leg,Spidertron leg,Паукотрон,Spidertron,Mecanoaraña,Spidertron,Spidertron,Spidertron,Spidertron,蜘蛛机甲,スパイダートロン,스파이더트론,,
fairmod_factorio_spidertron,Spidertron,Нога паукотрона,Perna da Spidertron,Pata de mecanoaraña,Spidertron-Bein,Patte de Spidertron,Gamba di Spidertron,Odnóże spidertrona,蜘蛛机甲腿,スパイダートロンの足,스파이더트론 다리,,
fairmod_factorio_spitter-spawner-corpse,Spitter spawner corpse,Улей плевак,Ninho de cuspidores,Nido de escupidores,Speiernest,Nid de cracheurs,Generatore di Sputatori,Legowisko plujców,喷吐虫巢,スピッターの巣,스피터 산란장,,
fairmod_factorio_spitter-spawner,Spitter spawner,Остатки улья плевак,Restos de ninho de cuspidores,Restos de nido de escupidores,Totes Speiernest,Cadavre de nid de cracheurs,Resti del generatore di Sputatori,Pozostałości legowiska plujców,喷吐虫巢尸体,スピッターの巣の残骸,스피터 산란장 시체,,
fairmod_factorio_splitter,Splitter,Разделитель,Separador,Divisor,Teilerfließband,Répartiteur,Ripartitore,Rozdzielacz,基础分流器,分配器,분배기,,
fairmod_factorio_steam-engine,Steam engine,Паровой двигатель,Gerador a vapor,Motor de vapor,Dampfmaschine,Machine à vapeur,Motore a vapore,Silnik parowy,蒸汽机,蒸気機関,증기 기관,,
fairmod_factorio_steam-turbine,Steam turbine,Паровая турбина,Turbina a vapor,Turbina de vapor,Dampfturbine,Turbine à vapeur,Turbina a vapore,Turbina parowa,汽轮机,蒸気タービン,증기 터빈,,
fairmod_factorio_steel-chest,Steel chest,Стальной сундук,Baú de aço,Cofre de acero,Stahlkiste,Coffre en acier,Baule in acciaio,Stalowa skrzynia,钢箱,鋼鉄製チェスト,강철 상자,,
fairmod_factorio_steel-furnace,Steel furnace,Стальная печь,Fornalha de aço,Horno de acero,Hochofen,Four en acier,Fornace d'acciaio,Stalowy piec,钢炉,鋼鉄の炉,강철 용광로,,
fairmod_factorio_stone-furnace,Stone furnace,Камень,Pedra,Piedra,Stein,Pierre,Pietra,Kamień,石矿,石,돌,,
fairmod_factorio_stone-wall,Wall,Каменная печь,Fornalha de pedra,Horno de piedra,Schmelzofen,Four en pierre,Fornace di pietra,Kamienny piec,石炉,石の炉,돌 용광로,,
fairmod_factorio_stone,Stone,Стена,Muro,Muro,Mauer,Mur,Muro,Mur,墙壁,防壁,벽,,
fairmod_factorio_storage-chest,Storage chest,Сундук хранения,Baú de armazenagem,Cofre de almacenamiento,Lagerkiste,Coffre logistique de stockage,Cassa deposito,Skrzynia magazynująca,被动存货箱（黄箱）,貯蔵チェスト,보관 상자,,
fairmod_factorio_storage-tank,Storage tank,Резервуар,Tanque de armazenamento,Cisterna,Lagertank,Réservoir,Serbatoio di stoccaggio,Zbiornik,储液罐,貯蔵タンク,저장 탱크,,
fairmod_factorio_straight-rail,Straight rail,Прямые рельсы,Trilho reto,Vía recta,Gerades Gleis,Rail droit,Rotaia dritta,Prosty tor,直线铁轨,直線レール,직선 철도,,
fairmod_factorio_substation,Substation,Подстанция,Subestação,Subestación eléctrica,Umspannwerk,Poste électrique,Sottostazione,Podstacja elektryczna,广域配电站,広域電柱,변전소,,
fairmod_factorio_tank,Tank,Танк,Tanque,Tanque,Panzer,Tank,Carro armato,Czołg,坦克,戦車,탱크,,
fairmod_factorio_underground-belt,Underground belt,Подземный конвейер,Esteira subterrânea,Cinta transportadora subterránea,Unterirdisches Fließband,Convoyeur souterrain,Rullo sotterraneo,Podziemny taśmociąg,基础地下传送带,地下搬送ベルト,지하 벨트,,
fairmod_factorio_uranium-cannon-shell-explosion,Uranium cannon shell explosion,Взрыв уранового пушечного снаряда,Explosão de canhão de urânio,Explosión de proyectil de uranio para cañón,Explosion durch uranversetztes Kanonengeschoss,Explosion d'un obus d'uranium,Esplosione della testata nucleare,Eksplozja uranowego pocisku armatniego,贫铀炮弹爆炸,劣化ウラン砲弾爆発,우라늄 포탄 폭발,,
fairmod_factorio_uranium-ore,Uranium ore,Урановая руда,Minério de urânio,Mineral de uranio,Uranerz,Minerai d’uranium,Uranio grezzo,Ruda uranu,铀矿,ウラン鉱石,우라늄 광석,,
fairmod_factorio_wall-damaged-explosion,Wall damaged explosion,Эффект повреждения стены,Explosão de muros danificados,Explosión al dañar un muro,Beschädigende Explosion an einer Mauer,Débris de mur endommagé par explosion,Muro danneggiato da un'esplosione,Eksplozja niszcząca mur,墙壁受损爆炸,ダメージを受けた壁の爆発,손상된 벽 폭발,,
fairmod_factorio_water-splash,Water splash,Всплеск воды,Respingo de água,Salpicadura de agua,Wasserspritzer,Éclaboussure,Schizzo d'acqua,Pluśnięcie wody,水花,水しぶき,물 첨벙임,,
fairmod_factorio_water-well-pump,Water well pump,Водяной насос,Bomba de poço de água,Bomba de agua subterránea,Brunnenpumpe,Pompe à eau,Pompa per acqua di pozzo,Pompa głębinowa,水井泵,井戸ポンプ,우물 펌프,,
fairmod_factorio_wooden-chest,Wooden chest,Деревянный сундук,Baú de madeira,Cofre de madera,Holzkiste,Coffre en bois,Cassa di legno,Drewniana skrzynia,木箱,木製チェスト,나무 상자,,
fairmod_factorio_mat_crude-oil,Crude oil,Сырая нефть,Petróleo Bruto,Petróleo crudo,Rohöl,Pétrole brut,Greggio,Ropa naftowa,原油,原油,원유,,
fairmod_factorio_mat_heavy-oil,Heavy oil,Мазут,Petróleo pesado,Petróleo pesado,Schweröl,Pétrole lourd,Petrolio pesante,Mazut,重油,重油,중유,,
fairmod_factorio_mat_light-oil,Light oil,Дизельное топливо,Petróleo leve,Petróleo ligero,Leichtöl,Pétrole léger,Petrolio leggero,Nafta,轻油,軽油,경유,,
fairmod_factorio_mat_lubricant,Lubricant,Смазочная жидкость,Lubrificante,Lubricante,Schmiermittel,Lubrifiant,Lubrificante,Smar,润滑油,潤滑油,윤활유,,
fairmod_factorio_mat_petroleum-gas,Petroleum gas,Попутный нефтяной газ,Gás de petróleo,Gas de petróleo,Flüssiggas,Gaz de pétrole,GPL,Gaz płynny,石油气,石油ガス,석유 가스,,
fairmod_factorio_mat_steam,Steam,Пар,Vapor,Vapor,Dampf,Vapeur,Vapore,Para wodna,蒸汽,蒸気,증기,,
fairmod_factorio_mat_sulfuric-acid,Sulfuric acid,Серная кислота,Ácido sulfúrico,Ácido sulfúrico,Schwefelsäure,Acide sulfurique,Acido solforico,Kwas siarkowy,硫酸,硫酸,황산,,
fairmod_factorio_mat_water,Water,Вода,Água,Agua,Wasser,Eau,Acqua,Woda,水,水,물,,
fairmod_factorio_advanced-circuit,Advanced circuit,Продвинутая схема,Circuito avançado,Circuito electrónico avanzado,Integrierter Schaltkreis,Circuit électronique avancé,Circuito avanzato,Zaawansowany układ elektroniczny,集成电路,発展基板,고급 회로,,
fairmod_factorio_artillery-shell,Artillery shell,Артиллерийский снаряд,Munição de artilharia,Proyectil de artillería,Artilleriegranate,Obus d’artillerie,Proiettile d'artiglieria,Nabój artyleryjski,重炮炮弹,長距離砲弾,대포용 포탄,,
fairmod_factorio_artillery-targeting-remote,Artillery targeting remote,Пульт управления артиллерией,Controle remoto de direcionamento de artilharia,Objetivo remoto de artillería,Fernsteuerung für Artillerie,Commande à distance de l'artillerie,Comando di puntamento dell'artiglieria,Zdalny kontroler artyleryjski,重炮瞄准遥控器,遠方照準器,대포 목표 지정 리모컨,,
fairmod_factorio_artillery-turret,Artillery turret,Артиллерийское орудие,Torre de artilharia,Torreta de artillería,Artillerie-Geschützturm,Tourelle d'artillerie,Torretta d'artiglieria,Wieżyczka artyleryjska,重炮炮塔,長距離砲タレット,대포 포탑,,
fairmod_factorio_artillery-wagon-cannon,Artillery cannon,Артиллерийская пушка,Canhão de artilharia,Cañón de artillería,Artilleriekanone,Canon d’artillerie,Cannone di artiglieria,Działo artyleryjskie,重型火炮,長距離砲,대포,,
fairmod_factorio_atomic-bomb,Atomic bomb,Атомная бомба,Bomba atômica,Bomba nuclear,Atombombe,Bombe atomique,Bomba atomica,Bomba atomowa,原子弹,原子爆弾,원자 폭탄,,
fairmod_factorio_automation-science-pack,Automation science pack,Автоматизационный исследовательский пакет,Pacote científico de automação,Paquete de ciencia de automatización,Wissenschaftspaket für Automatisierung,Pack de science d'automatisation,Pacco scientifico Automazione,Automatyzacyjny pakiet naukowy,机自科技包（红瓶）,自動化サイエンスパック,자동화 과학 팩,,
fairmod_factorio_barrel,Barrel,Бочка,Barril,Barril,Fass,Baril,Barile,Beczka,空桶,ドラム缶,배럴,,
fairmod_factorio_battery,Battery,Аккумулятор,Bateria,Batería,Batterie,Batterie,Batteria,Bateria,电池,電池,건전지,,
fairmod_factorio_belt-immunity-equipment,Belt immunity equipment,Оборудование для игнорирования конвейеров,Equipamento de imunidade de esteira,Equipamiento de inmunidad a cintas,Fließbandimmunitäts-Ausrüstung,Équipement d'immunité aux convoyeurs,Attrezzatura per l'immunità ai nastri trasportatori,Kompensator taśmociągowy,锚定模块,ベルト移動耐性装備,벨트 내성 장비,,
fairmod_factorio_blueprint,Blueprint,Чертёж,Projeto,Plano,Blaupause,Plan,Progetto,Schemat konstrukcyjny,蓝图（建设规划）,建設計画,설계도면,,
fairmod_factorio_blueprint-book,Blueprint book,Книга чертежей,Livro de projetos,Libro de planos,Blaupausenbuch,Livre de plans,Libro dei progetti,Książka schematów,蓝图簿,建設計画の本,설계도면 책자,,
fairmod_factorio_burner-generator,Burner generator,Твердотопливный генератор,Gerador a combustão,Generador a combustión,Befeuerter Generator,Générateur thermique,Generatore a combustione,Generator spalinowy,热能发电机,燃料式発電機,화력 발전기,,
fairmod_factorio_cannon-shell,Cannon shell,Пушечный снаряд,Balas de canhão,Proyectil de cañón,Kanonengeschoss,Obus,Proiettile per cannone,Nabój armatni,标准炮弹,砲弾,포탄,,
fairmod_factorio_chemical-science-pack,Chemical science pack,Химический исследовательский пакет,Pacote científico de química,Paquete de ciencia química,Wissenschaftspaket für Chemie,Pack de science chimique,Pacco scientifico Chimico,Chemiczny pakiet naukowy,化工科技包（蓝瓶）,化学サイエンスパック,화학 과학 팩,,
fairmod_factorio_cliff-explosives,Cliff explosives,Взрывчатка для скал,Explosivos de penhascos,Explosivos para acantilados,Klippensprengstoff,Explosifs de falaise,Esplosivo per colline,Środki strzałowe,悬崖炸药,崖用爆薬,절벽 폭발물,,
fairmod_factorio_cluster-grenade,Cluster grenade,Осколочная граната,Granada de feixe,Granada de racimo,Splittergranate,Grenade à fragmentation,Granata a grappolo,Granat kasetowy,集束手雷,クラスターグレネード,집속 수류탄,,
fairmod_factorio_coal,Coal,Уголь,Carvão,Carbón,Kohle,Charbon,Carbone,Węgiel,煤矿,石炭,석탄,,
fairmod_factorio_coin,Coin,Монета,Moeda,Moneda,Münze,Pièce de monnaie,Moneta,Moneta,金币,コイン,동전,,
fairmod_factorio_combat-shotgun,Combat shotgun,Боевой дробовик,Espingarda de combate,Escopeta de combate,Kampfschrotflinte,Fusil à pompe de combat,Fucile da combattimento,Strzelba bojowa,冲锋霰弹枪,コンバットショットガン,전투 산탄총,,
fairmod_factorio_concrete,Concrete,Бетон,Concreto,Hormigón,Beton,Béton,Cemento,Beton,标准混凝土,コンクリート,콘크리트,,
fairmod_factorio_copper-cable,Copper cable,Медный кабель,Cabo de cobre,Cable de cobre,Kupferkabel,Câble en cuivre,Cavo di rame,Miedziany drut,铜缆,銅線,구리 전선,,
fairmod_factorio_copper-ore,Copper ore,Медная руда,Minério de cobre,Mena de cobre,Kupfererz,Minerai de cuivre,Rame grezzo,Ruda miedzi,铜矿,銅鉱石,구리 광석,,
fairmod_factorio_copper-plate,Copper plate,Медная плита,Chapa de cobre,Placa de cobre,Kupferplatte,Plaque de cuivre,Piastra di rame,Miedziana płytka,铜板,銅板,구리 판,,
fairmod_factorio_copper-wire,Copper wire,Медный провод,Cabo de cobre,Cable de cobre,Stromkabel,Câble en cuivre,Filo di rame,Drut miedziany,铜线,銅ケーブル,구리 전선,,
fairmod_factorio_copy-paste-tool,Copy paste tool,Инструмент копирования,Ferramenta de copiar e colar,Herramienta de copiar y pegar,Kopieren-Einfügen-Werkzeug,Outil de copier-coller,Strumento Copia-Incolla,Narzędzie kopiuj-wklej,复制粘贴工具,コピー&ペーストツール,복사 붙여넣기 도구,,
fairmod_factorio_crude-oil-barrel,Crude oil barrel,Бочка нефти,Barril de petróleo bruto,Barril de petróleo crudo,Rohöl im Fass,Baril de pétrole brut,Barile di petrolio,Beczka ropy naftowej,原油桶,原油入りドラム缶,원유 배럴,,
fairmod_factorio_cut-paste-tool,Cut paste tool,Инструмент вырезания,Ferramenta de cortar e colar,Herramienta de cortar y pegar,Ausschneiden-Einfügen-Werkzeug,Outil de couper-coller,Strumento Taglia-Incolla,Narzędzie wytnij-wklej,剪切粘贴工具,カットペーストツール,잘라내고 붙여넣기 도구,,
fairmod_factorio_deconstruction-planner,Deconstruction planner,План сноса,Planejador de descontrução,Plano de desmantelamiento,Abrissplan,Planificateur de déconstruction,Pianificatore di demolizione,Schemat demontażowy,红图（拆除规划）,解体プランナー,해체 계획기,,
fairmod_factorio_defender-capsule,Defender capsule,Капсула с дронами-защитниками,Cápsula defensora,Cápsula de defensor,Verteidiger-Kapsel,Capsule de robot de défense,Drone da difesa,Kapsuła obronna,防御无人机胶囊,ディフェンダーカプセル,방어 로봇 캡슐,,
fairmod_factorio_depleted-uranium-fuel-cell,Depleted uranium fuel cell,Отработанный урановый топливный элемент,Célula de urânio vazia,Célula gastada de combustible de uranio,Verbrauchtes Uran-Brennelement,Barre d'uranium épuisée,Cella a combustibile di uranio consumata,Zużyte uranowe ogniwo paliwowe,贫铀燃料棒,使用済み燃料棒,사용된 우라늄 연료 전지,,
fairmod_factorio_destroyer-capsule,Destroyer capsule,Капсула с дронами-разрушителями,Cápsula destruidora,Cápsula de destructor,Zerstörer-Kapsel,Capsule de robot destructeur,Drone distruttore,Kapsuła niszczycieli,进攻无人机胶囊,デストロイヤーカプセル,파괴 로봇 캡슐,,
fairmod_factorio_discharge-defense-remote,Discharge defense remote,Пульт управления электроразрядной защитой,Defesa de descarga remota,Control remoto de defensa eléctrica,Fernbedienung für Entladungsverteidigung,Commande de la décharge électrique,Difesa a scarica elettrica a distanza,Kontroler obrony wyładowczej,放电防御遥控器,放電モジュール制御装置,방전 방어 장치 리모컨,,
fairmod_factorio_display-panel,Display panel,Дисплей,Painel de Exibição,Panel de visualización,Anzeigefeld,Panneau d'affichage,Pannello di visualizzazione,Wyświetlacz,显示器,ディスプレイパネル,디스플레이 패널,,
fairmod_factorio_distractor-capsule,Distractor capsule,Капсула с дронами-приманками,Cápsula de distração,Cápsula de distractor,Ablenker-Kapsel,Capsule de robot distracteur,Drone diversivo,Kapsuła prowokująca,掩护无人机胶囊,ディストラクターカプセル,견제 로봇 캡슐,,
fairmod_factorio_efficiency-module,Efficiency module,Модуль эффективности,Módulo de Eficiência,Módulo de eficiencia,Effizienzmodul,Module d'efficacité,Modulo di efficienza,Moduł wydajności,节能插件,エネルギー効率モジュール1,효율 모듈,,
fairmod_factorio_efficiency-module-2,Efficiency module 2,Модуль эффективности 2,Módulo de eficiência 2,Módulo de eficiencia 2,Effizienzmodul 2,Module d'efficacité 2,Modulo di efficienza 2,Moduł wydajności 2,节能插件 2,エネルギー効率モジュール2,효율 모듈 2,,
fairmod_factorio_efficiency-module-3,Efficiency module 3,Модуль эффективности 3,Módulo de eficiência 3,Módulo de eficiencia 3,Effizienzmodul 3,Module d'efficacité 3,Modulo di efficienza 3,Moduł wydajności 3,节能插件 3,エネルギー効率モジュール3,효율 모듈 3,,
fairmod_factorio_electric-energy-interface,Electric energy interface,Интерфейс электроэнергии,Interface da energia elétrica,Interfaz de energía eléctrica,Schnittstelle für elektrischen Strom,Interface de l’énergie électrique,Interfaccia dell'energia elettrica,Interfejs energetyczny,电力接口,電力インターフェイス,전기 에너지 인터페이스,,
fairmod_factorio_electric-engine-unit,Electric engine unit,Электродвигатель,Motor elétrico,Motor eléctrico,Elektromotor,Élément de moteur électrique,Motore elettrico,Silnik elektryczny,电动机,電気エンジンユニット,전기 엔진 유닛,,
fairmod_factorio_electronic-circuit,Electronic circuit,Электросхема,Circuito Eletrônico,Circuito electrónico,Elektronischer Schaltkreis,Circuit électronique,Circuito elettronico,Układ elektroniczny,电路板,電子基板,전자 회로,,
fairmod_factorio_empty-module-slot,Empty module slot,Пустая ячейка для модуля,Espaço de módulo vazio,Ranura de módulo vacía,Leerer Modulsteckplatz,Emplacement de module vide,Slot modulo vuoto,Puste gniazdo modułu,空插件槽位,空のモジュールスロット,빈 모듈 슬롯,,
fairmod_factorio_engine-unit,Engine unit,Твердотопливный двигатель,Motor,Motor,Motor,Élément de moteur,Motore,Silnik,内燃机,エンジンユニット,엔진 유닛,,
fairmod_factorio_explosive-cannon-shell,Explosive cannon shell,Разрывной пушечный снаряд,Bala de canhão explosiva,Proyectil explosivo de cañón,Explosives Kanonengeschoss,Obus explosif,Proiettile esplosivo per cannone,Wybuchowy nabój armatni,爆破炮弹,炸裂砲弾,폭발형 포탄,,
fairmod_factorio_explosive-rocket,Explosive rocket,Разрывная ракета,Míssil explosivo,Cohete explosivo,Explosive Rakete,Missile explosif,Missile esplosivo,Wybuchowy pocisk rakietowy,爆破火箭弹,炸裂ロケット弾,폭발형 로켓,,
fairmod_factorio_explosive-uranium-cannon-shell,Explosive uranium cannon shell,Разрывной урановый пушечный снаряд,Bala de canhão de urânio explosiva,Proyectil de cañón de uranio explosivo,Explosives uranversetztes Kanonengeschoss,Obus explosif à uranium,Proiettile esplosivo di uranio per cannone,Wybuchowy uranowy nabój armatni,爆破贫铀炮弹,炸裂ウラン砲弾,폭발형 우라늄 포탄,,
fairmod_factorio_explosives,Explosives,Взрывчатка,Explosivos,Explosivos,Sprengstoff,Explosifs,Esplosivi,Materiały wybuchowe,炸药,爆薬,폭발물,,
fairmod_factorio_filled-barrel,$1 barrel,$1 (бочка),Barril de $1,Barril de $1,$1 im Fass,Baril de $1,$1 barile,$1 w beczce,$1桶,$1入りドラム缶,$1 배럴,,
fairmod_factorio_firearm-magazine,Firearm magazine,Магазин с патронами,Munição de arma de fogo,Cargador de munición,Schusswaffen-Munition,Chargeur,Caricatore per armi da fuoco,Magazynek amunicji karabinowej,标准弹匣,通常弾薬,화기용 탄창,,
fairmod_factorio_flamethrower,Flamethrower,Огнемёт,Lança-chamas,Lanzallamas,Flammenwerfer,Lance-flammes,Lanciafiamme,Miotacz ognia,火焰喷射器,火炎放射器,화염 방사기,,
fairmod_factorio_flamethrower-ammo,Flamethrower ammo,Топливо для огнемёта,Munição de lança-chamas,Munición de lanzallamas,Brennstoff für Flammenwerfer,Munitions pour lance-flammes,Munizioni per il lanciafiamme,Napalm do miotacza ognia,油料储罐,火炎放射器用燃料,화염 방사기 탄약,,
fairmod_factorio_flamethrower-turret,Flamethrower turret,Огнемётная турель,Torre lança-chamas,Torreta Lanzallamas,Flammenwerfer-Geschützturm,Tourelle lance-flammes,Torretta lanciafiamme,Działo ogniowe,火焰炮塔,火炎放射タレット,화염 방사 포탑,,
fairmod_factorio_flying-robot-frame,Flying robot frame,Каркас дрона,Chassi de robô voador,Estructura de robot volador,Flugrobotergestell,Châssis de robot volant,Telaio di drone,Szkielet latającego robota,机器人构架,飛行用ロボットフレーム,비행 로봇 프레임,,
fairmod_factorio_green-wire,Green wire,Зелёный сигнальный провод,Fio verde,Cable verde,Grünes Signalkabel,Câble vert,Cavo verde,Zielony przewód,绿线,グリーンケーブル,초록색 전선,,
fairmod_factorio_grenade,Grenade,Граната,Granada,Granada,Granate,Grenade,Granata,Granat,标准手雷,グレネード,수류탄,,
fairmod_factorio_hazard-concrete,Hazard concrete,Бетон с разметкой опасности,Concreto com sinal de perigo,Hormigón con señal de peligro,Beton mit Warnmarkierung,Zone de danger en béton,Cemento con strisce di pericolo,Beton ostrzegawczy,标准混凝土（标识）,警戒色コンクリート,위험지역 콘크리트,,
fairmod_factorio_heat-interface,Heat interface,Тепловой интерфейс,Interface de calor,Interfaz de calor,Schnittstelle für Wärme,Interface de chaleur,Interfaccia di calore,Interfejs cieplny,热力接口,熱インターフェイス,열 인터페이스,,
fairmod_factorio_heavy-armor,Heavy armor,Тяжёлая броня,Armadura pesada,Armadura pesada,Schwere Rüstung,Armure lourde,Armatura pesante,Ciężki pancerz,重型装甲,ヘビーアーマー,헤비 아머,,
fairmod_factorio_infinity-chest,Infinity chest,Бесконечный сундук,Baú Infinito,Cofre Infinito,Unendlichkeitskiste,Coffre infini,Cassa infinita,Nieskończona skrzynia,永续箱,無限チェスト,무한 상자,,
fairmod_factorio_infinity-pipe,Infinity pipe,Бесконечная труба,Cano infinito,Tubería infinita,Unendlichkeitsrohr,Tuyau infini,Tubo infinito,Bezdenna rura,永续管,無限パイプ,무한 파이프,,
fairmod_factorio_iron-gear-wheel,Iron gear wheel,Железная шестерня,Engrenagem de ferro,Engranaje de hierro,Eisenzahnrad,Engrenage,Ingranaggio di ferro,Żelazne koło zębate,铁齿轮,鉄の歯車,철 톱니바퀴,,
fairmod_factorio_iron-ore,Iron ore,Железная руда,Minério de ferro,Mena de hierro,Eisenerz,Minerai de fer,Ferro grezzo,Ruda żelaza,铁矿,鉄鉱石,철 광석,,
fairmod_factorio_iron-plate,Iron plate,Железная плита,Chapa de Ferro,Placa de hierro,Eisenplatte,Plaque de fer,Piastra di ferro,Żelazna płytka,铁板,鉄板,철 판,,
fairmod_factorio_iron-stick,Iron stick,Железный прут,Bastão de ferro,Vara de hierro,Eisenstange,Barre de fer,Barra di ferro,Żelazny pręt,铁棒,鉄筋,철 막대기,,
fairmod_factorio_item-with-inventory,Item with inventory,Предмет с инвентарём,Item com inventário,Objeto con inventario,Gegenstand mit Inventar,Élément avec inventaire,Oggetto con inventario,Przedmiot z ekwipunkiem,带仓储的物品,インベントリを持つアイテム,인벤토리가 있는 아이템,,
fairmod_factorio_item-with-label,Item with label,Предмет с меткой,Item com etiqueta,Objeto con etiqueta,Gegenstand mit Bezeichnung,Élément avec un mot-clé,Oggetto con etichetta,Przedmiot z etykietą,带标识的物品,ラベル付きアイテム,레이블이 있는 아이템,,
fairmod_factorio_item-with-tags,Item with tags,Предмет с метками,Item com etiquetas,Ítem con tags,Gegenstand mit Markierungen,Élément avec balises,Elemento con etichetta,Przedmiot z tagami,带标签的物品,タグ付きアイテム,태그가 있는 아이템,,
fairmod_factorio_lab,Lab,Лаборатория,Laboratório,Laboratorio,Labor,Laboratoire,Laboratorio,Laboratorium,研究中心,研究所,연구소,,
fairmod_factorio_landfill,Landfill,Отсыпка территории,Aterro,Relleno de tierra,Landaufschüttung,Remblai,Riempimento,Kruszywo niwelacyjne,填埋材料,埋立地,매립,,
fairmod_factorio_laser-turret,Laser turret,Лазерная турель,Torre laser,Torreta láser,Laser-Geschützturm,Tourelle laser,Torretta laser,Działko laserowe,激光炮塔,レーザータレット,레이저 포탑,,
fairmod_factorio_light-armor,Light armor,Лёгкая броня,Armadura leve,Armadura ligera,Leichte Rüstung,Armure légère,Armatura leggera,Lekki pancerz,轻型装甲,ライトアーマー,라이트 아머,,
fairmod_factorio_linked-chest,Linked chest,Связанный сундук,Baú vinculado,Cofre vinculado,Verbundene Kiste,Coffre lié,Cassa collegata,Połączona skrzynia,关联箱,リンクされたチェスト,연결된 상자,,
fairmod_factorio_logistic-science-pack,Logistic science pack,Логистический исследовательский пакет,Pacote científico de logística,Paquete de ciencia logística,Wissenschaftspaket für Logistik,Pack de science logistique,Pacco scientifico Logistico,Logistyczny pakiet naukowy,物流科技包（绿瓶）,物流サイエンスパック,물류 과학 팩,,
fairmod_factorio_low-density-structure,Low density structure,Конструкция малой плотности,Estrutura de baixa densidade,Estructura de baja densidad,Leichtbauteil,Structure de faible densité,Struttura a bassa densità,Lekki kompozyt,轻质框架,軽量化素材,저밀도 구조물,,
fairmod_factorio_military-science-pack,Military science pack,Военный исследовательский пакет,Pacote científico militar,Paquete de ciencia militar,Wissenschaftspaket für Militär,Pack de science militaire,Pacco scientifico militare,Zbrojeniowy pakiet naukowy,军备科技包（灰瓶）,軍事サイエンスパック,군사 과학 팩,,
fairmod_factorio_modular-armor,Modular armor,Модульная броня,Armadura modular,Armadura modular,Modulare Rüstung,Armure modulaire,Armatura modulare,Pancerz modułowy,模块装甲,モジュラーアーマー,모듈형 아머,,
fairmod_factorio_nuclear-fuel,Nuclear fuel,Ядерное топливо,Combustível nuclear,Combustible nuclear,Uranversetzter Brennstoff,Combustible nucléaire,Combustibile nucleare,Paliwo jądrowe,核能燃料,核燃料,핵 연료,,
fairmod_factorio_piercing-rounds-magazine,Piercing rounds magazine,Магазин с бронебойными патронами,Cartucho de munição perfurante,Munición penetrante,Panzerbrechende Munition,Chargeur de munitions perforantes,Caricatore a penetrazione,Magazynek przebijającej amunicji karabinowej,穿甲弹匣,貫通弾薬,관통형 탄창,,
fairmod_factorio_piercing-shotgun-shell,Piercing shotgun shells,Бронебойные патроны для дробовика,Cartuchos perfurantes de espingarda,Cartuchos penetrantes de escopeta,Panzerbrechende Schrotpatronen,Cartouches perforantes,Cartucce perforanti per fucile,Przebijające naboje loftkowe,穿甲霰弹,貫通ショットガン弾薬,관통형 산탄총 탄약,,
fairmod_factorio_pistol,Pistol,Пистолет,Pistola,Pistola,Pistole,Pistolet,Pistola,Pistolet,手枪,ハンドガン,권총,,
fairmod_factorio_plastic-bar,Plastic bar,Пластмассовый брусок,Barra de plástico,Barra de plástico,Kunststoffstange,Barre de plastique,Barra di plastica,Plastik,塑料,プラスチック棒,플라스틱 막대,,
fairmod_factorio_poison-capsule,Poison capsule,Ядовитая капсула,Cápsula de veneno,Cápsula de veneno,Gift-Kapsel,Capsule de poison,Capsula di veleno,Kapsuła zatruwająca,剧毒胶囊,毒素カプセル,독 캡슐,,
fairmod_factorio_power-armor,Power armor,Силовая броня,Armadura de combate motorizada,Servo-armadura,Hochleistungsrüstung,Armure de puissance,Armatura potenziata,Pancerz wspomagany,能量装甲,パワーアーマー,파워 아머,,
fairmod_factorio_power-armor-mk2,Power armor MK2,Силовая броня МК2,Armadura de Combate Motorizada MK2,Servo-armadura MK2,Hochleistungsrüstung 2,Armure de puissance MK2,Armatura potenziata MK2,Pancerz wspomagany Wz. 2,能量装甲 MK2,パワーアーマーMK2,파워 아머 MK2,,
fairmod_factorio_processing-unit,Processing unit,Процессор,Unidade de processamento,Unidad de procesamiento,Mikroprozessor,Processeur,Processore,Układ procesorowy,处理器,制御基板,처리 유닛,,
fairmod_factorio_production-science-pack,Production science pack,Производственный исследовательский пакет,Pacote científico de produção,Paquete de ciencia de producción,Wissenschaftspaket für Produktion,Pack de science de production,Pacco scientifico da produzione,Produkcyjny pakiet naukowy,生产科技包（紫瓶）,製造サイエンスパック,생산 과학 팩,,
fairmod_factorio_productivity-module,Productivity module,Модуль продуктивности,Módulo de produtividade,Módulo de productividad,Produktivitätsmodul,Module de productivité,Modulo di produttività,Moduł produktywności,产能插件,生産性モジュール1,생산 모듈,,
fairmod_factorio_productivity-module-2,Productivity module 2,Модуль продуктивности 2,Módulo de produtividade 2,Módulo de productividad 2,Produktivitätsmodul 2,Module de productivité 2,Modulo di produttività 2,Moduł produktywności 2,产能插件 2,生産性モジュール2,생산 모듈 2,,
fairmod_factorio_productivity-module-3,Productivity module 3,Модуль продуктивности 3,Módulo de produtividade 3,Módulo de productividad 3,Produktivitätsmodul 3,Module de productivité 3,Modulo di produttività 3,Moduł produktywności 3,产能插件 3,生産性モジュール3,생산 모듈 3,,
fairmod_factorio_rail,Rail,Рельсы,Trilho,Vía,Gleis,Rail,Binario,Tor kolejowy,铁轨,レール,철도,,
fairmod_factorio_raw-fish,Raw fish,Сырая рыба,Peixe cru,Pescado crudo,Roher Fisch,Poisson cru,Pesce crudo,Surowa ryba,鲜鱼,生魚,생선,,
fairmod_factorio_red-wire,Red wire,Красный сигнальный провод,Fio vermelho,Cable rojo,Rotes Signalkabel,Câble rouge,Cavo rosso,Czerwony przewód,红线,レッドケーブル,빨간색 전선,,
fairmod_factorio_refined-concrete,Refined concrete,Железобетон,Concreto refinado,Hormigón refinado,Stahlbeton,Béton armé,Cemento armato,Żelazobeton,钢筋混凝土,鉄筋コンクリート,정제된 콘크리트,,
fairmod_factorio_refined-hazard-concrete,Refined hazard concrete,Железобетон с разметкой опасности,Concreto refinado com marca de perigo,Hormigón refinado con señal de peligro,Stahlbeton mit Warnmarkierung,Zone de danger en béton armé,Cemento armato con indicazioni di pericolo,Żelazobeton ostrzegawczy,钢筋混凝土（标识）,警戒色鉄筋コンクリート,정제된 위험지역 콘크리트,,
fairmod_factorio_repair-pack,Repair pack,Ремонтный комплект,Kit de reparo,Pack de reparación,Reparaturkit,Kit de réparation,Kit di riparazione,Zestaw naprawczy,修理包,リペアキット,복구 팩,,
fairmod_factorio_rocket,Rocket,Ракета,Míssil,Cohete,Rakete,Missile,Razzo,Pocisk rakietowy,火箭弹,ロケット弾,로켓,,
fairmod_factorio_rocket-fuel,Rocket fuel,Ракетное топливо,Combustível de foguete,Combustible de cohete,Raketenbrennstoff,Carburant pour fusée,Combustibile per razzi,Paliwo rakietowe,火箭燃料,ロケット燃料,로켓 연료,,
fairmod_factorio_rocket-launcher,Rocket launcher,Ракетница,Lança-foguetes,Lanzacohetes,Raketenwerfer,Lance-missiles,Lanciarazzi,Wyrzutnia rakiet,火箭筒,ロケットランチャー,로켓 발사기,,
fairmod_factorio_rocket-part,Rocket part,Деталь ракеты,Parte de foguete,Parte del cohete,Raketenbauteil,Partie de fusée,Parte del razzo,Części rakiety,火箭组件,ロケット部品,로켓 부품,,
fairmod_factorio_satellite,Satellite,Спутник,Satélite,Satélite,Satellit,Satellite,Satellite,Satelita,卫星,衛星,인공위성,,
fairmod_factorio_science,Science,Наука,Ciência,Ciencia,Forschungsfortschritt,Science,Scienza,Badania,科技,サイエンス,과학,,
fairmod_factorio_selection-tool,Selection tool,Инструмент выделения,Ferramenta de seleção,Herramienta de selección,Auswahlwerkzeug,Outil de sélection,Strumento di selezione,Narzędzie wyboru,选择工具,選択ツール,선택 도구,,
fairmod_factorio_shotgun,Shotgun,Дробовик,Espingarda,Escopeta,Schrotflinte,Fusil à pompe,Fucile,Strzelba,霰弹枪,ショットガン,산탄총,,
fairmod_factorio_shotgun-shell,Shotgun shells,Патроны для дробовика,Cartuchos de espingarda,Cartuchos de escopeta,Schrotpatronen,Cartouches,Cartucce per fucile,Naboje loftkowe,霰弹,ショットガン弾薬,산탄총 탄약,,
fairmod_factorio_simple-entity-with-force,Simple entity with force,Простой объект с командой,Entidade simples com força,Entidad simple con dueño. Usado en mods. Es objetivo militar.,Einfaches Objekt mit Partei,Entité simple avec une faction,Semplice entità di squadra,Prosty obiekt ze stroną konfliktu,阵营的简单实体,勢力に属するエンティティ,세력이 있는 단순한 개체,,
fairmod_factorio_simple-entity-with-owner,Simple entity with owner,Простой объект с владельцем,Entidade simples com dono,Entidad simple con dueño. Usado en mods. NO es objetivo militar.,Einfaches Objekt mit Besitzer,Entité simple avec un propriétaire,Entità semplice con proprietario,Prosty obiekt z właścicielem,个人的简单实体,所有者を持つエンティティ,소유자가 있는 단순한 개체,,
fairmod_factorio_slowdown-capsule,Slowdown capsule,Замедляющая капсула,Cápsula de desaceleração,Cápsula de ralentización,Verlangsamungs-Kapsel,Capsule de ralentissement,Capsula di rallentamento,Kapsuła spowalniająca,减速胶囊,粘着カプセル,감속 캡슐,,
fairmod_factorio_solar-panel,Solar panel,Солнечная батарея,Painel Solar,Panel solar,Solarpanel,Panneau solaire,Pannello fotovoltaico,Ogniwo słoneczne,太阳能板,ソーラーパネル,태양 전지판,,
fairmod_factorio_solid-fuel,Solid fuel,Твёрдое топливо,Combustível sólido,Combustible sólido,Festbrennstoff,Combustible solide,Combustibile solido,Paliwo stałe,固体燃料,固形燃料,고체 연료,,
fairmod_factorio_space-science-pack,Space science pack,Космический исследовательский пакет,Pacote científico espacial,Paquete de ciencia espacial,Wissenschaftspaket für Weltraumforschung,Pack de science spatiale,Pacco scientifico spaziale,Kosmiczny pakiet naukowy,太空科技包（白瓶）,スペースサイエンスパック,우주 과학 팩,,
fairmod_factorio_speed-module,Speed module,Модуль скорости,Módulo de velocidade,Módulo de velocidad,Tempomodul,Module de vitesse,Modulo di velocità,Moduł prędkości,速度插件,生産速度モジュール1,속도 모듈,,
fairmod_factorio_speed-module-2,Speed module 2,Модуль скорости 2,Módulo de velocidade 2,Módulo de velocidad 2,Tempomodul 2,Module de vitesse 2,Modulo di velocità 2,Moduł prędkości 2,速度插件 2,生産速度モジュール2,속도 모듈 2,,
fairmod_factorio_speed-module-3,Speed module 3,Модуль скорости 3,Módulo de velocidade 3,Módulo de velocidad 3,Tempomodul 3,Module de vitesse 3,Modulo di velocità 3,Moduł prędkości 3,速度插件 3,生産速度モジュール3,속도 모듈 3,,
fairmod_factorio_spidertron-remote,Spidertron remote,Пульт управления паукотроном,Controle remoto de Spidertron,Control remoto de la mecanoaraña,Fernsteuerung für Spidertron,Télécommande de Spidertron,Comando dello spidertron,Kontroler spidertrona,蜘蛛机甲遥控器,スパイダートロンリモコン,스파이더트론 조종 장치,,
fairmod_factorio_spidertron-rocket-launcher,Spidertron rocket launcher,Ракетница паукотрона,Lança-foguetes de Spidertron,Lanzacohetes de la mecanoaraña,Spidertron-Raketenwerfer,Lance-missiles de Spidertron,Lanciarazzi dello spidertron,Wyrzutnia rakiet spidertrona,蜘蛛机甲火箭筒,スパイダートロンロケットランチャー,스파이더트론 로켓 발사기,,
fairmod_factorio_steel-plate,Steel plate,Стальная балка,Viga de aço,Barra de acero,Stahlträger,Plaque d'acier,Piastra d’acciaio,Stalowa płytka,钢材,鋼材,강철 판,,
fairmod_factorio_stone,Stone,Камень,Pedra,Piedra,Stein,Pierre,Pietra,Kamień,石矿,石,돌,,
fairmod_factorio_stone-brick,Stone brick,Каменный блок,Tijolo de pedra,Ladrillo de piedra,Ziegelstein,Brique en pierre,Mattone di pietra,Kamienna cegła,石砖,石レンガ,벽돌,,
fairmod_factorio_submachine-gun,Submachine gun,Пистолет-пулемёт,Submetralhadora,Subfusil,Maschinenpistole,Fusil d'assaut,Mitragliatrice,Karabin półautomatyczny,冲锋枪,サブマシンガン,기관단총,,
fairmod_factorio_sulfur,Sulfur,Сера,Enxofre,Azufre,Schwefel,Soufre,Zolfo,Siarka,硫磺,硫黄,황,,
fairmod_factorio_tank-cannon,Tank cannon,Танковое орудие,Canhão para tanque,Cañón de tanque,Panzerkanone,Canon du tank,Cannone del carro armato,Armata czołgowa,坦克炮,戦車の大砲,탱크 대포,,
fairmod_factorio_tank-flamethrower,Vehicle flamethrower,Танковый огнемёт,Lança-chamas do veículo,Lanzallamas de tanque,Fahrzeug-Flammenwerfer,Lance-flamme du véhicule,Lanciafiamme del veicolo,Miotacz ognia pojazdu,车载喷火器,車載火炎放射器,차량용 화염 방사기,,
fairmod_factorio_tank-machine-gun,Vehicle machine gun,Бортовой пулемёт,Metralhadora do veículo,Ametralladora de tanque,Fahrzeug-Maschinengewehr,Mitrailleuse de véhicule,Mitragliatrice coassiale,Karabin maszynowy czołgu,车载机枪,車載機関銃,차량용 기관총,,
fairmod_factorio_upgrade-planner,Upgrade planner,План улучшения,Planejador de melhoria,Plano de mejora,Upgradeplan,Planificateur d'amélioration,Pianificatore di miglioramenti,Schemat ulepszeniowy,绿图（升级规划）,アップグレードプランナー,업그레이드 계획기,,
fairmod_factorio_uranium-235,Uranium-235,Уран-235,Urânio-235,Uranio 235,Uran-235,Uranium 235,Uranio-235,Uran-235,铀-235,ウラン-235,우라늄-235,,
fairmod_factorio_uranium-238,Uranium-238,Уран-238,Urânio-238,Uranio 238,Uran-238,Uranium 238,Uranio-238,Uran-238,铀-238,ウラン-238,우라늄-238,,
fairmod_factorio_uranium-cannon-shell,Uranium cannon shell,Урановый пушечный снаряд,Bala de canhão de urânio,Proyectil de cañón de uranio,Uranversetztes Kanonengeschoss,Obus d'uranium,Granata per cannone ad uranio,Uranowy nabój armatni,贫铀炮弹,劣化ウラン砲弾,우라늄 포탄,,
fairmod_factorio_uranium-fuel-cell,Uranium fuel cell,Урановый топливный элемент,Célula de combustível de urânio,Célula de combustible de uranio,Uran-Brennelement,Barre d'uranium,Barra di combustibile di uranio,Uranowe ogniwo paliwowe,铀燃料棒,核燃料棒,우라늄 연료 전지,,
fairmod_factorio_uranium-ore,Uranium ore,Урановая руда,Minério de urânio,Mena de uranio,Uranerz,Minerai d'uranium,Uranio grezzo,Ruda uranu,铀矿,ウラン鉱石,우라늄 광석,,
fairmod_factorio_uranium-rounds-magazine,Uranium rounds magazine,Магазин с урановыми патронами,Cartucho de munição de urânio,Munición de uranio,Uranversetzte Munition,Chargeur de munitions à l'uranium,Caricatore a proiettili di uranio,Magazynek uranowej amunicji karabinowej,贫铀弹匣,劣化ウラン弾薬,우라늄 탄창,,
fairmod_factorio_utility-science-pack,Utility science pack,Вспомогательный исследовательский пакет,Pacote científico de utilitários,Paquete de ciencia de utilidad,Wissenschaftspaket für Zubehör,Pack de science utilitaire,Pacco scientifico Utilità,Użytkowy pakiet naukowy,效能科技包（黄瓶）,ユーティリティーサイエンスパック,다용도 과학 팩,,
fairmod_factorio_vehicle-machine-gun,Vehicle machine gun,Пулемётная турель,Metralhadora do veículo,Ametralladora de vehículo,Fahrzeug-Maschinengewehr,Mitrailleuse de véhicule,Mitragliatrice da veicolo,Karabin maszynowy pojazdu,车载机枪,車載機関銃,차량용 기관총,,
fairmod_factorio_wood,Wood,Древесина,Madeira,Madera,Holz,Bois,Legno,Drewno,木材,木材,목재,,
